plan_id,cable_id,status,type,zone,a_device,a_interface,a_role,b_device,b_interface,b_role
56,40386,connected,,,compute-001,be-gpu0-port0,server,be-plane-a-leaf-01,E1/1/1,leaf
56,40387,connected,,,compute-001,be-gpu0-port1,server,be-plane-b-leaf-01,E1/1/1,leaf
56,40388,connected,,,compute-001,be-gpu1-port0,server,be-plane-a-leaf-02,E1/1/1,leaf
56,40389,connected,,,compute-001,be-gpu1-port1,server,be-plane-b-leaf-02,E1/1/1,leaf
56,40390,connected,,,compute-001,be-gpu2-port0,server,be-plane-a-leaf-03,E1/1/1,leaf
56,40391,connected,,,compute-001,be-gpu2-port1,server,be-plane-b-leaf-03,E1/1/1,leaf
56,40392,connected,,,compute-001,be-gpu3-port0,server,be-plane-a-leaf-04,E1/1/1,leaf
56,40393,connected,,,compute-001,be-gpu3-port1,server,be-plane-b-leaf-04,E1/1/1,leaf
56,40394,connected,,,compute-001,be-gpu4-port0,server,be-plane-a-leaf-05,E1/1/1,leaf
56,40395,connected,,,compute-001,be-gpu4-port1,server,be-plane-b-leaf-05,E1/1/1,leaf
56,40396,connected,,,compute-001,be-gpu5-port0,server,be-plane-a-leaf-06,E1/1/1,leaf
56,40397,connected,,,compute-001,be-gpu5-port1,server,be-plane-b-leaf-06,E1/1/1,leaf
56,40398,connected,,,compute-001,be-gpu6-port0,server,be-plane-a-leaf-07,E1/1/1,leaf
56,40399,connected,,,compute-001,be-gpu6-port1,server,be-plane-b-leaf-07,E1/1/1,leaf
56,40400,connected,,,compute-001,be-gpu7-port0,server,be-plane-a-leaf-08,E1/1/1,leaf
56,40401,connected,,,compute-001,be-gpu7-port1,server,be-plane-b-leaf-08,E1/1/1,leaf
56,40402,connected,,,compute-001,bmc-bmc0,server,conv-mgmt-leaf-01,E1/1,leaf
56,40403,connected,,,compute-001,fe-bf3-0-p0,server,fe-leaf-01,E1/1/1,leaf
56,40404,connected,,,compute-001,fe-bf3-1-p0,server,fe-leaf-02,E1/1/1,leaf
56,40405,connected,,,compute-001,storage-bf3-0-p0,server,storage-leaf-01,E1/1/1,leaf
56,40406,connected,,,compute-001,storage-bf3-1-p0,server,storage-leaf-02,E1/1/1,leaf
56,40407,connected,,,compute-001,x550-port0,server,conv-mgmt-leaf-01,E1/2,leaf
56,40408,connected,,,compute-001,x550-port1,server,conv-mgmt-leaf-01,E1/3,leaf
56,40409,connected,,,compute-002,be-gpu0-port0,server,be-plane-a-leaf-01,E1/1/2,leaf
56,40410,connected,,,compute-002,be-gpu0-port1,server,be-plane-b-leaf-01,E1/1/2,leaf
56,40411,connected,,,compute-002,be-gpu1-port0,server,be-plane-a-leaf-02,E1/1/2,leaf
56,40412,connected,,,compute-002,be-gpu1-port1,server,be-plane-b-leaf-02,E1/1/2,leaf
56,40413,connected,,,compute-002,be-gpu2-port0,server,be-plane-a-leaf-03,E1/1/2,leaf
56,40414,connected,,,compute-002,be-gpu2-port1,server,be-plane-b-leaf-03,E1/1/2,leaf
56,40415,connected,,,compute-002,be-gpu3-port0,server,be-plane-a-leaf-04,E1/1/2,leaf
56,40416,connected,,,compute-002,be-gpu3-port1,server,be-plane-b-leaf-04,E1/1/2,leaf
56,40417,connected,,,compute-002,be-gpu4-port0,server,be-plane-a-leaf-05,E1/1/2,leaf
56,40418,connected,,,compute-002,be-gpu4-port1,server,be-plane-b-leaf-05,E1/1/2,leaf
56,40419,connected,,,compute-002,be-gpu5-port0,server,be-plane-a-leaf-06,E1/1/2,leaf
56,40420,connected,,,compute-002,be-gpu5-port1,server,be-plane-b-leaf-06,E1/1/2,leaf
56,40421,connected,,,compute-002,be-gpu6-port0,server,be-plane-a-leaf-07,E1/1/2,leaf
56,40422,connected,,,compute-002,be-gpu6-port1,server,be-plane-b-leaf-07,E1/1/2,leaf
56,40423,connected,,,compute-002,be-gpu7-port0,server,be-plane-a-leaf-08,E1/1/2,leaf
56,40424,connected,,,compute-002,be-gpu7-port1,server,be-plane-b-leaf-08,E1/1/2,leaf
56,40425,connected,,,compute-002,bmc-bmc0,server,conv-mgmt-leaf-01,E1/4,leaf
56,40426,connected,,,compute-002,fe-bf3-0-p0,server,fe-leaf-01,E1/1/2,leaf
56,40427,connected,,,compute-002,fe-bf3-1-p0,server,fe-leaf-02,E1/1/2,leaf
56,40428,connected,,,compute-002,storage-bf3-0-p0,server,storage-leaf-01,E1/1/2,leaf
56,40429,connected,,,compute-002,storage-bf3-1-p0,server,storage-leaf-02,E1/1/2,leaf
56,40430,connected,,,compute-002,x550-port0,server,conv-mgmt-leaf-01,E1/5,leaf
56,40431,connected,,,compute-002,x550-port1,server,conv-mgmt-leaf-01,E1/6,leaf
56,40432,connected,,,compute-003,be-gpu0-port0,server,be-plane-a-leaf-01,E1/2/1,leaf
56,40433,connected,,,compute-003,be-gpu0-port1,server,be-plane-b-leaf-01,E1/2/1,leaf
56,40434,connected,,,compute-003,be-gpu1-port0,server,be-plane-a-leaf-02,E1/2/1,leaf
56,40435,connected,,,compute-003,be-gpu1-port1,server,be-plane-b-leaf-02,E1/2/1,leaf
56,40436,connected,,,compute-003,be-gpu2-port0,server,be-plane-a-leaf-03,E1/2/1,leaf
56,40437,connected,,,compute-003,be-gpu2-port1,server,be-plane-b-leaf-03,E1/2/1,leaf
56,40438,connected,,,compute-003,be-gpu3-port0,server,be-plane-a-leaf-04,E1/2/1,leaf
56,40439,connected,,,compute-003,be-gpu3-port1,server,be-plane-b-leaf-04,E1/2/1,leaf
56,40440,connected,,,compute-003,be-gpu4-port0,server,be-plane-a-leaf-05,E1/2/1,leaf
56,40441,connected,,,compute-003,be-gpu4-port1,server,be-plane-b-leaf-05,E1/2/1,leaf
56,40442,connected,,,compute-003,be-gpu5-port0,server,be-plane-a-leaf-06,E1/2/1,leaf
56,40443,connected,,,compute-003,be-gpu5-port1,server,be-plane-b-leaf-06,E1/2/1,leaf
56,40444,connected,,,compute-003,be-gpu6-port0,server,be-plane-a-leaf-07,E1/2/1,leaf
56,40445,connected,,,compute-003,be-gpu6-port1,server,be-plane-b-leaf-07,E1/2/1,leaf
56,40446,connected,,,compute-003,be-gpu7-port0,server,be-plane-a-leaf-08,E1/2/1,leaf
56,40447,connected,,,compute-003,be-gpu7-port1,server,be-plane-b-leaf-08,E1/2/1,leaf
56,40448,connected,,,compute-003,bmc-bmc0,server,conv-mgmt-leaf-01,E1/7,leaf
56,40449,connected,,,compute-003,fe-bf3-0-p0,server,fe-leaf-01,E1/2/1,leaf
56,40450,connected,,,compute-003,fe-bf3-1-p0,server,fe-leaf-02,E1/2/1,leaf
56,40451,connected,,,compute-003,storage-bf3-0-p0,server,storage-leaf-01,E1/2/1,leaf
56,40452,connected,,,compute-003,storage-bf3-1-p0,server,storage-leaf-02,E1/2/1,leaf
56,40453,connected,,,compute-003,x550-port0,server,conv-mgmt-leaf-01,E1/8,leaf
56,40454,connected,,,compute-003,x550-port1,server,conv-mgmt-leaf-01,E1/9,leaf
56,40455,connected,,,compute-004,be-gpu0-port0,server,be-plane-a-leaf-01,E1/2/2,leaf
56,40456,connected,,,compute-004,be-gpu0-port1,server,be-plane-b-leaf-01,E1/2/2,leaf
56,40457,connected,,,compute-004,be-gpu1-port0,server,be-plane-a-leaf-02,E1/2/2,leaf
56,40458,connected,,,compute-004,be-gpu1-port1,server,be-plane-b-leaf-02,E1/2/2,leaf
56,40459,connected,,,compute-004,be-gpu2-port0,server,be-plane-a-leaf-03,E1/2/2,leaf
56,40460,connected,,,compute-004,be-gpu2-port1,server,be-plane-b-leaf-03,E1/2/2,leaf
56,40461,connected,,,compute-004,be-gpu3-port0,server,be-plane-a-leaf-04,E1/2/2,leaf
56,40462,connected,,,compute-004,be-gpu3-port1,server,be-plane-b-leaf-04,E1/2/2,leaf
56,40463,connected,,,compute-004,be-gpu4-port0,server,be-plane-a-leaf-05,E1/2/2,leaf
56,40464,connected,,,compute-004,be-gpu4-port1,server,be-plane-b-leaf-05,E1/2/2,leaf
56,40465,connected,,,compute-004,be-gpu5-port0,server,be-plane-a-leaf-06,E1/2/2,leaf
56,40466,connected,,,compute-004,be-gpu5-port1,server,be-plane-b-leaf-06,E1/2/2,leaf
56,40467,connected,,,compute-004,be-gpu6-port0,server,be-plane-a-leaf-07,E1/2/2,leaf
56,40468,connected,,,compute-004,be-gpu6-port1,server,be-plane-b-leaf-07,E1/2/2,leaf
56,40469,connected,,,compute-004,be-gpu7-port0,server,be-plane-a-leaf-08,E1/2/2,leaf
56,40470,connected,,,compute-004,be-gpu7-port1,server,be-plane-b-leaf-08,E1/2/2,leaf
56,40471,connected,,,compute-004,bmc-bmc0,server,conv-mgmt-leaf-01,E1/10,leaf
56,40472,connected,,,compute-004,fe-bf3-0-p0,server,fe-leaf-01,E1/2/2,leaf
56,40473,connected,,,compute-004,fe-bf3-1-p0,server,fe-leaf-02,E1/2/2,leaf
56,40474,connected,,,compute-004,storage-bf3-0-p0,server,storage-leaf-01,E1/2/2,leaf
56,40475,connected,,,compute-004,storage-bf3-1-p0,server,storage-leaf-02,E1/2/2,leaf
56,40476,connected,,,compute-004,x550-port0,server,conv-mgmt-leaf-01,E1/11,leaf
56,40477,connected,,,compute-004,x550-port1,server,conv-mgmt-leaf-01,E1/12,leaf
56,40478,connected,,,compute-005,be-gpu0-port0,server,be-plane-a-leaf-01,E1/3/1,leaf
56,40479,connected,,,compute-005,be-gpu0-port1,server,be-plane-b-leaf-01,E1/3/1,leaf
56,40480,connected,,,compute-005,be-gpu1-port0,server,be-plane-a-leaf-02,E1/3/1,leaf
56,40481,connected,,,compute-005,be-gpu1-port1,server,be-plane-b-leaf-02,E1/3/1,leaf
56,40482,connected,,,compute-005,be-gpu2-port0,server,be-plane-a-leaf-03,E1/3/1,leaf
56,40483,connected,,,compute-005,be-gpu2-port1,server,be-plane-b-leaf-03,E1/3/1,leaf
56,40484,connected,,,compute-005,be-gpu3-port0,server,be-plane-a-leaf-04,E1/3/1,leaf
56,40485,connected,,,compute-005,be-gpu3-port1,server,be-plane-b-leaf-04,E1/3/1,leaf
56,40486,connected,,,compute-005,be-gpu4-port0,server,be-plane-a-leaf-05,E1/3/1,leaf
56,40487,connected,,,compute-005,be-gpu4-port1,server,be-plane-b-leaf-05,E1/3/1,leaf
56,40488,connected,,,compute-005,be-gpu5-port0,server,be-plane-a-leaf-06,E1/3/1,leaf
56,40489,connected,,,compute-005,be-gpu5-port1,server,be-plane-b-leaf-06,E1/3/1,leaf
56,40490,connected,,,compute-005,be-gpu6-port0,server,be-plane-a-leaf-07,E1/3/1,leaf
56,40491,connected,,,compute-005,be-gpu6-port1,server,be-plane-b-leaf-07,E1/3/1,leaf
56,40492,connected,,,compute-005,be-gpu7-port0,server,be-plane-a-leaf-08,E1/3/1,leaf
56,40493,connected,,,compute-005,be-gpu7-port1,server,be-plane-b-leaf-08,E1/3/1,leaf
56,40494,connected,,,compute-005,bmc-bmc0,server,conv-mgmt-leaf-01,E1/13,leaf
56,40495,connected,,,compute-005,fe-bf3-0-p0,server,fe-leaf-01,E1/3/1,leaf
56,40496,connected,,,compute-005,fe-bf3-1-p0,server,fe-leaf-02,E1/3/1,leaf
56,40497,connected,,,compute-005,storage-bf3-0-p0,server,storage-leaf-01,E1/3/1,leaf
56,40498,connected,,,compute-005,storage-bf3-1-p0,server,storage-leaf-02,E1/3/1,leaf
56,40499,connected,,,compute-005,x550-port0,server,conv-mgmt-leaf-01,E1/14,leaf
56,40500,connected,,,compute-005,x550-port1,server,conv-mgmt-leaf-01,E1/15,leaf
56,40501,connected,,,compute-006,be-gpu0-port0,server,be-plane-a-leaf-01,E1/3/2,leaf
56,40502,connected,,,compute-006,be-gpu0-port1,server,be-plane-b-leaf-01,E1/3/2,leaf
56,40503,connected,,,compute-006,be-gpu1-port0,server,be-plane-a-leaf-02,E1/3/2,leaf
56,40504,connected,,,compute-006,be-gpu1-port1,server,be-plane-b-leaf-02,E1/3/2,leaf
56,40505,connected,,,compute-006,be-gpu2-port0,server,be-plane-a-leaf-03,E1/3/2,leaf
56,40506,connected,,,compute-006,be-gpu2-port1,server,be-plane-b-leaf-03,E1/3/2,leaf
56,40507,connected,,,compute-006,be-gpu3-port0,server,be-plane-a-leaf-04,E1/3/2,leaf
56,40508,connected,,,compute-006,be-gpu3-port1,server,be-plane-b-leaf-04,E1/3/2,leaf
56,40509,connected,,,compute-006,be-gpu4-port0,server,be-plane-a-leaf-05,E1/3/2,leaf
56,40510,connected,,,compute-006,be-gpu4-port1,server,be-plane-b-leaf-05,E1/3/2,leaf
56,40511,connected,,,compute-006,be-gpu5-port0,server,be-plane-a-leaf-06,E1/3/2,leaf
56,40512,connected,,,compute-006,be-gpu5-port1,server,be-plane-b-leaf-06,E1/3/2,leaf
56,40513,connected,,,compute-006,be-gpu6-port0,server,be-plane-a-leaf-07,E1/3/2,leaf
56,40514,connected,,,compute-006,be-gpu6-port1,server,be-plane-b-leaf-07,E1/3/2,leaf
56,40515,connected,,,compute-006,be-gpu7-port0,server,be-plane-a-leaf-08,E1/3/2,leaf
56,40516,connected,,,compute-006,be-gpu7-port1,server,be-plane-b-leaf-08,E1/3/2,leaf
56,40517,connected,,,compute-006,bmc-bmc0,server,conv-mgmt-leaf-01,E1/16,leaf
56,40518,connected,,,compute-006,fe-bf3-0-p0,server,fe-leaf-01,E1/3/2,leaf
56,40519,connected,,,compute-006,fe-bf3-1-p0,server,fe-leaf-02,E1/3/2,leaf
56,40520,connected,,,compute-006,storage-bf3-0-p0,server,storage-leaf-01,E1/3/2,leaf
56,40521,connected,,,compute-006,storage-bf3-1-p0,server,storage-leaf-02,E1/3/2,leaf
56,40522,connected,,,compute-006,x550-port0,server,conv-mgmt-leaf-01,E1/17,leaf
56,40523,connected,,,compute-006,x550-port1,server,conv-mgmt-leaf-01,E1/18,leaf
56,40524,connected,,,compute-007,be-gpu0-port0,server,be-plane-a-leaf-01,E1/4/1,leaf
56,40525,connected,,,compute-007,be-gpu0-port1,server,be-plane-b-leaf-01,E1/4/1,leaf
56,40526,connected,,,compute-007,be-gpu1-port0,server,be-plane-a-leaf-02,E1/4/1,leaf
56,40527,connected,,,compute-007,be-gpu1-port1,server,be-plane-b-leaf-02,E1/4/1,leaf
56,40528,connected,,,compute-007,be-gpu2-port0,server,be-plane-a-leaf-03,E1/4/1,leaf
56,40529,connected,,,compute-007,be-gpu2-port1,server,be-plane-b-leaf-03,E1/4/1,leaf
56,40530,connected,,,compute-007,be-gpu3-port0,server,be-plane-a-leaf-04,E1/4/1,leaf
56,40531,connected,,,compute-007,be-gpu3-port1,server,be-plane-b-leaf-04,E1/4/1,leaf
56,40532,connected,,,compute-007,be-gpu4-port0,server,be-plane-a-leaf-05,E1/4/1,leaf
56,40533,connected,,,compute-007,be-gpu4-port1,server,be-plane-b-leaf-05,E1/4/1,leaf
56,40534,connected,,,compute-007,be-gpu5-port0,server,be-plane-a-leaf-06,E1/4/1,leaf
56,40535,connected,,,compute-007,be-gpu5-port1,server,be-plane-b-leaf-06,E1/4/1,leaf
56,40536,connected,,,compute-007,be-gpu6-port0,server,be-plane-a-leaf-07,E1/4/1,leaf
56,40537,connected,,,compute-007,be-gpu6-port1,server,be-plane-b-leaf-07,E1/4/1,leaf
56,40538,connected,,,compute-007,be-gpu7-port0,server,be-plane-a-leaf-08,E1/4/1,leaf
56,40539,connected,,,compute-007,be-gpu7-port1,server,be-plane-b-leaf-08,E1/4/1,leaf
56,40540,connected,,,compute-007,bmc-bmc0,server,conv-mgmt-leaf-01,E1/19,leaf
56,40541,connected,,,compute-007,fe-bf3-0-p0,server,fe-leaf-01,E1/4/1,leaf
56,40542,connected,,,compute-007,fe-bf3-1-p0,server,fe-leaf-02,E1/4/1,leaf
56,40543,connected,,,compute-007,storage-bf3-0-p0,server,storage-leaf-01,E1/4/1,leaf
56,40544,connected,,,compute-007,storage-bf3-1-p0,server,storage-leaf-02,E1/4/1,leaf
56,40545,connected,,,compute-007,x550-port0,server,conv-mgmt-leaf-01,E1/20,leaf
56,40546,connected,,,compute-007,x550-port1,server,conv-mgmt-leaf-01,E1/21,leaf
56,40547,connected,,,compute-008,be-gpu0-port0,server,be-plane-a-leaf-01,E1/4/2,leaf
56,40548,connected,,,compute-008,be-gpu0-port1,server,be-plane-b-leaf-01,E1/4/2,leaf
56,40549,connected,,,compute-008,be-gpu1-port0,server,be-plane-a-leaf-02,E1/4/2,leaf
56,40550,connected,,,compute-008,be-gpu1-port1,server,be-plane-b-leaf-02,E1/4/2,leaf
56,40551,connected,,,compute-008,be-gpu2-port0,server,be-plane-a-leaf-03,E1/4/2,leaf
56,40552,connected,,,compute-008,be-gpu2-port1,server,be-plane-b-leaf-03,E1/4/2,leaf
56,40553,connected,,,compute-008,be-gpu3-port0,server,be-plane-a-leaf-04,E1/4/2,leaf
56,40554,connected,,,compute-008,be-gpu3-port1,server,be-plane-b-leaf-04,E1/4/2,leaf
56,40555,connected,,,compute-008,be-gpu4-port0,server,be-plane-a-leaf-05,E1/4/2,leaf
56,40556,connected,,,compute-008,be-gpu4-port1,server,be-plane-b-leaf-05,E1/4/2,leaf
56,40557,connected,,,compute-008,be-gpu5-port0,server,be-plane-a-leaf-06,E1/4/2,leaf
56,40558,connected,,,compute-008,be-gpu5-port1,server,be-plane-b-leaf-06,E1/4/2,leaf
56,40559,connected,,,compute-008,be-gpu6-port0,server,be-plane-a-leaf-07,E1/4/2,leaf
56,40560,connected,,,compute-008,be-gpu6-port1,server,be-plane-b-leaf-07,E1/4/2,leaf
56,40561,connected,,,compute-008,be-gpu7-port0,server,be-plane-a-leaf-08,E1/4/2,leaf
56,40562,connected,,,compute-008,be-gpu7-port1,server,be-plane-b-leaf-08,E1/4/2,leaf
56,40563,connected,,,compute-008,bmc-bmc0,server,conv-mgmt-leaf-01,E1/22,leaf
56,40564,connected,,,compute-008,fe-bf3-0-p0,server,fe-leaf-01,E1/4/2,leaf
56,40565,connected,,,compute-008,fe-bf3-1-p0,server,fe-leaf-02,E1/4/2,leaf
56,40566,connected,,,compute-008,storage-bf3-0-p0,server,storage-leaf-01,E1/4/2,leaf
56,40567,connected,,,compute-008,storage-bf3-1-p0,server,storage-leaf-02,E1/4/2,leaf
56,40568,connected,,,compute-008,x550-port0,server,conv-mgmt-leaf-01,E1/23,leaf
56,40569,connected,,,compute-008,x550-port1,server,conv-mgmt-leaf-01,E1/24,leaf
56,40570,connected,,,compute-009,be-gpu0-port0,server,be-plane-a-leaf-01,E1/5/1,leaf
56,40571,connected,,,compute-009,be-gpu0-port1,server,be-plane-b-leaf-01,E1/5/1,leaf
56,40572,connected,,,compute-009,be-gpu1-port0,server,be-plane-a-leaf-02,E1/5/1,leaf
56,40573,connected,,,compute-009,be-gpu1-port1,server,be-plane-b-leaf-02,E1/5/1,leaf
56,40574,connected,,,compute-009,be-gpu2-port0,server,be-plane-a-leaf-03,E1/5/1,leaf
56,40575,connected,,,compute-009,be-gpu2-port1,server,be-plane-b-leaf-03,E1/5/1,leaf
56,40576,connected,,,compute-009,be-gpu3-port0,server,be-plane-a-leaf-04,E1/5/1,leaf
56,40577,connected,,,compute-009,be-gpu3-port1,server,be-plane-b-leaf-04,E1/5/1,leaf
56,40578,connected,,,compute-009,be-gpu4-port0,server,be-plane-a-leaf-05,E1/5/1,leaf
56,40579,connected,,,compute-009,be-gpu4-port1,server,be-plane-b-leaf-05,E1/5/1,leaf
56,40580,connected,,,compute-009,be-gpu5-port0,server,be-plane-a-leaf-06,E1/5/1,leaf
56,40581,connected,,,compute-009,be-gpu5-port1,server,be-plane-b-leaf-06,E1/5/1,leaf
56,40582,connected,,,compute-009,be-gpu6-port0,server,be-plane-a-leaf-07,E1/5/1,leaf
56,40583,connected,,,compute-009,be-gpu6-port1,server,be-plane-b-leaf-07,E1/5/1,leaf
56,40584,connected,,,compute-009,be-gpu7-port0,server,be-plane-a-leaf-08,E1/5/1,leaf
56,40585,connected,,,compute-009,be-gpu7-port1,server,be-plane-b-leaf-08,E1/5/1,leaf
56,40586,connected,,,compute-009,bmc-bmc0,server,conv-mgmt-leaf-01,E1/25,leaf
56,40587,connected,,,compute-009,fe-bf3-0-p0,server,fe-leaf-01,E1/5/1,leaf
56,40588,connected,,,compute-009,fe-bf3-1-p0,server,fe-leaf-02,E1/5/1,leaf
56,40589,connected,,,compute-009,storage-bf3-0-p0,server,storage-leaf-01,E1/5/1,leaf
56,40590,connected,,,compute-009,storage-bf3-1-p0,server,storage-leaf-02,E1/5/1,leaf
56,40591,connected,,,compute-009,x550-port0,server,conv-mgmt-leaf-01,E1/26,leaf
56,40592,connected,,,compute-009,x550-port1,server,conv-mgmt-leaf-01,E1/27,leaf
56,40593,connected,,,compute-010,be-gpu0-port0,server,be-plane-a-leaf-01,E1/5/2,leaf
56,40594,connected,,,compute-010,be-gpu0-port1,server,be-plane-b-leaf-01,E1/5/2,leaf
56,40595,connected,,,compute-010,be-gpu1-port0,server,be-plane-a-leaf-02,E1/5/2,leaf
56,40596,connected,,,compute-010,be-gpu1-port1,server,be-plane-b-leaf-02,E1/5/2,leaf
56,40597,connected,,,compute-010,be-gpu2-port0,server,be-plane-a-leaf-03,E1/5/2,leaf
56,40598,connected,,,compute-010,be-gpu2-port1,server,be-plane-b-leaf-03,E1/5/2,leaf
56,40599,connected,,,compute-010,be-gpu3-port0,server,be-plane-a-leaf-04,E1/5/2,leaf
56,40600,connected,,,compute-010,be-gpu3-port1,server,be-plane-b-leaf-04,E1/5/2,leaf
56,40601,connected,,,compute-010,be-gpu4-port0,server,be-plane-a-leaf-05,E1/5/2,leaf
56,40602,connected,,,compute-010,be-gpu4-port1,server,be-plane-b-leaf-05,E1/5/2,leaf
56,40603,connected,,,compute-010,be-gpu5-port0,server,be-plane-a-leaf-06,E1/5/2,leaf
56,40604,connected,,,compute-010,be-gpu5-port1,server,be-plane-b-leaf-06,E1/5/2,leaf
56,40605,connected,,,compute-010,be-gpu6-port0,server,be-plane-a-leaf-07,E1/5/2,leaf
56,40606,connected,,,compute-010,be-gpu6-port1,server,be-plane-b-leaf-07,E1/5/2,leaf
56,40607,connected,,,compute-010,be-gpu7-port0,server,be-plane-a-leaf-08,E1/5/2,leaf
56,40608,connected,,,compute-010,be-gpu7-port1,server,be-plane-b-leaf-08,E1/5/2,leaf
56,40609,connected,,,compute-010,bmc-bmc0,server,conv-mgmt-leaf-01,E1/28,leaf
56,40610,connected,,,compute-010,fe-bf3-0-p0,server,fe-leaf-01,E1/5/2,leaf
56,40611,connected,,,compute-010,fe-bf3-1-p0,server,fe-leaf-02,E1/5/2,leaf
56,40612,connected,,,compute-010,storage-bf3-0-p0,server,storage-leaf-01,E1/5/2,leaf
56,40613,connected,,,compute-010,storage-bf3-1-p0,server,storage-leaf-02,E1/5/2,leaf
56,40614,connected,,,compute-010,x550-port0,server,conv-mgmt-leaf-01,E1/29,leaf
56,40615,connected,,,compute-010,x550-port1,server,conv-mgmt-leaf-01,E1/30,leaf
56,40616,connected,,,compute-011,be-gpu0-port0,server,be-plane-a-leaf-01,E1/6/1,leaf
56,40617,connected,,,compute-011,be-gpu0-port1,server,be-plane-b-leaf-01,E1/6/1,leaf
56,40618,connected,,,compute-011,be-gpu1-port0,server,be-plane-a-leaf-02,E1/6/1,leaf
56,40619,connected,,,compute-011,be-gpu1-port1,server,be-plane-b-leaf-02,E1/6/1,leaf
56,40620,connected,,,compute-011,be-gpu2-port0,server,be-plane-a-leaf-03,E1/6/1,leaf
56,40621,connected,,,compute-011,be-gpu2-port1,server,be-plane-b-leaf-03,E1/6/1,leaf
56,40622,connected,,,compute-011,be-gpu3-port0,server,be-plane-a-leaf-04,E1/6/1,leaf
56,40623,connected,,,compute-011,be-gpu3-port1,server,be-plane-b-leaf-04,E1/6/1,leaf
56,40624,connected,,,compute-011,be-gpu4-port0,server,be-plane-a-leaf-05,E1/6/1,leaf
56,40625,connected,,,compute-011,be-gpu4-port1,server,be-plane-b-leaf-05,E1/6/1,leaf
56,40626,connected,,,compute-011,be-gpu5-port0,server,be-plane-a-leaf-06,E1/6/1,leaf
56,40627,connected,,,compute-011,be-gpu5-port1,server,be-plane-b-leaf-06,E1/6/1,leaf
56,40628,connected,,,compute-011,be-gpu6-port0,server,be-plane-a-leaf-07,E1/6/1,leaf
56,40629,connected,,,compute-011,be-gpu6-port1,server,be-plane-b-leaf-07,E1/6/1,leaf
56,40630,connected,,,compute-011,be-gpu7-port0,server,be-plane-a-leaf-08,E1/6/1,leaf
56,40631,connected,,,compute-011,be-gpu7-port1,server,be-plane-b-leaf-08,E1/6/1,leaf
56,40632,connected,,,compute-011,bmc-bmc0,server,conv-mgmt-leaf-01,E1/31,leaf
56,40633,connected,,,compute-011,fe-bf3-0-p0,server,fe-leaf-01,E1/6/1,leaf
56,40634,connected,,,compute-011,fe-bf3-1-p0,server,fe-leaf-02,E1/6/1,leaf
56,40635,connected,,,compute-011,storage-bf3-0-p0,server,storage-leaf-01,E1/6/1,leaf
56,40636,connected,,,compute-011,storage-bf3-1-p0,server,storage-leaf-02,E1/6/1,leaf
56,40637,connected,,,compute-011,x550-port0,server,conv-mgmt-leaf-01,E1/32,leaf
56,40638,connected,,,compute-011,x550-port1,server,conv-mgmt-leaf-01,E1/33,leaf
56,40639,connected,,,compute-012,be-gpu0-port0,server,be-plane-a-leaf-01,E1/6/2,leaf
56,40640,connected,,,compute-012,be-gpu0-port1,server,be-plane-b-leaf-01,E1/6/2,leaf
56,40641,connected,,,compute-012,be-gpu1-port0,server,be-plane-a-leaf-02,E1/6/2,leaf
56,40642,connected,,,compute-012,be-gpu1-port1,server,be-plane-b-leaf-02,E1/6/2,leaf
56,40643,connected,,,compute-012,be-gpu2-port0,server,be-plane-a-leaf-03,E1/6/2,leaf
56,40644,connected,,,compute-012,be-gpu2-port1,server,be-plane-b-leaf-03,E1/6/2,leaf
56,40645,connected,,,compute-012,be-gpu3-port0,server,be-plane-a-leaf-04,E1/6/2,leaf
56,40646,connected,,,compute-012,be-gpu3-port1,server,be-plane-b-leaf-04,E1/6/2,leaf
56,40647,connected,,,compute-012,be-gpu4-port0,server,be-plane-a-leaf-05,E1/6/2,leaf
56,40648,connected,,,compute-012,be-gpu4-port1,server,be-plane-b-leaf-05,E1/6/2,leaf
56,40649,connected,,,compute-012,be-gpu5-port0,server,be-plane-a-leaf-06,E1/6/2,leaf
56,40650,connected,,,compute-012,be-gpu5-port1,server,be-plane-b-leaf-06,E1/6/2,leaf
56,40651,connected,,,compute-012,be-gpu6-port0,server,be-plane-a-leaf-07,E1/6/2,leaf
56,40652,connected,,,compute-012,be-gpu6-port1,server,be-plane-b-leaf-07,E1/6/2,leaf
56,40653,connected,,,compute-012,be-gpu7-port0,server,be-plane-a-leaf-08,E1/6/2,leaf
56,40654,connected,,,compute-012,be-gpu7-port1,server,be-plane-b-leaf-08,E1/6/2,leaf
56,40655,connected,,,compute-012,bmc-bmc0,server,conv-mgmt-leaf-01,E1/34,leaf
56,40656,connected,,,compute-012,fe-bf3-0-p0,server,fe-leaf-01,E1/6/2,leaf
56,40657,connected,,,compute-012,fe-bf3-1-p0,server,fe-leaf-02,E1/6/2,leaf
56,40658,connected,,,compute-012,storage-bf3-0-p0,server,storage-leaf-01,E1/6/2,leaf
56,40659,connected,,,compute-012,storage-bf3-1-p0,server,storage-leaf-02,E1/6/2,leaf
56,40660,connected,,,compute-012,x550-port0,server,conv-mgmt-leaf-01,E1/35,leaf
56,40661,connected,,,compute-012,x550-port1,server,conv-mgmt-leaf-01,E1/36,leaf
56,40662,connected,,,compute-013,be-gpu0-port0,server,be-plane-a-leaf-01,E1/7/1,leaf
56,40663,connected,,,compute-013,be-gpu0-port1,server,be-plane-b-leaf-01,E1/7/1,leaf
56,40664,connected,,,compute-013,be-gpu1-port0,server,be-plane-a-leaf-02,E1/7/1,leaf
56,40665,connected,,,compute-013,be-gpu1-port1,server,be-plane-b-leaf-02,E1/7/1,leaf
56,40666,connected,,,compute-013,be-gpu2-port0,server,be-plane-a-leaf-03,E1/7/1,leaf
56,40667,connected,,,compute-013,be-gpu2-port1,server,be-plane-b-leaf-03,E1/7/1,leaf
56,40668,connected,,,compute-013,be-gpu3-port0,server,be-plane-a-leaf-04,E1/7/1,leaf
56,40669,connected,,,compute-013,be-gpu3-port1,server,be-plane-b-leaf-04,E1/7/1,leaf
56,40670,connected,,,compute-013,be-gpu4-port0,server,be-plane-a-leaf-05,E1/7/1,leaf
56,40671,connected,,,compute-013,be-gpu4-port1,server,be-plane-b-leaf-05,E1/7/1,leaf
56,40672,connected,,,compute-013,be-gpu5-port0,server,be-plane-a-leaf-06,E1/7/1,leaf
56,40673,connected,,,compute-013,be-gpu5-port1,server,be-plane-b-leaf-06,E1/7/1,leaf
56,40674,connected,,,compute-013,be-gpu6-port0,server,be-plane-a-leaf-07,E1/7/1,leaf
56,40675,connected,,,compute-013,be-gpu6-port1,server,be-plane-b-leaf-07,E1/7/1,leaf
56,40676,connected,,,compute-013,be-gpu7-port0,server,be-plane-a-leaf-08,E1/7/1,leaf
56,40677,connected,,,compute-013,be-gpu7-port1,server,be-plane-b-leaf-08,E1/7/1,leaf
56,40678,connected,,,compute-013,bmc-bmc0,server,conv-mgmt-leaf-01,E1/37,leaf
56,40679,connected,,,compute-013,fe-bf3-0-p0,server,fe-leaf-01,E1/7/1,leaf
56,40680,connected,,,compute-013,fe-bf3-1-p0,server,fe-leaf-02,E1/7/1,leaf
56,40681,connected,,,compute-013,storage-bf3-0-p0,server,storage-leaf-01,E1/7/1,leaf
56,40682,connected,,,compute-013,storage-bf3-1-p0,server,storage-leaf-02,E1/7/1,leaf
56,40683,connected,,,compute-013,x550-port0,server,conv-mgmt-leaf-01,E1/38,leaf
56,40684,connected,,,compute-013,x550-port1,server,conv-mgmt-leaf-01,E1/39,leaf
56,40685,connected,,,compute-014,be-gpu0-port0,server,be-plane-a-leaf-01,E1/7/2,leaf
56,40686,connected,,,compute-014,be-gpu0-port1,server,be-plane-b-leaf-01,E1/7/2,leaf
56,40687,connected,,,compute-014,be-gpu1-port0,server,be-plane-a-leaf-02,E1/7/2,leaf
56,40688,connected,,,compute-014,be-gpu1-port1,server,be-plane-b-leaf-02,E1/7/2,leaf
56,40689,connected,,,compute-014,be-gpu2-port0,server,be-plane-a-leaf-03,E1/7/2,leaf
56,40690,connected,,,compute-014,be-gpu2-port1,server,be-plane-b-leaf-03,E1/7/2,leaf
56,40691,connected,,,compute-014,be-gpu3-port0,server,be-plane-a-leaf-04,E1/7/2,leaf
56,40692,connected,,,compute-014,be-gpu3-port1,server,be-plane-b-leaf-04,E1/7/2,leaf
56,40693,connected,,,compute-014,be-gpu4-port0,server,be-plane-a-leaf-05,E1/7/2,leaf
56,40694,connected,,,compute-014,be-gpu4-port1,server,be-plane-b-leaf-05,E1/7/2,leaf
56,40695,connected,,,compute-014,be-gpu5-port0,server,be-plane-a-leaf-06,E1/7/2,leaf
56,40696,connected,,,compute-014,be-gpu5-port1,server,be-plane-b-leaf-06,E1/7/2,leaf
56,40697,connected,,,compute-014,be-gpu6-port0,server,be-plane-a-leaf-07,E1/7/2,leaf
56,40698,connected,,,compute-014,be-gpu6-port1,server,be-plane-b-leaf-07,E1/7/2,leaf
56,40699,connected,,,compute-014,be-gpu7-port0,server,be-plane-a-leaf-08,E1/7/2,leaf
56,40700,connected,,,compute-014,be-gpu7-port1,server,be-plane-b-leaf-08,E1/7/2,leaf
56,40701,connected,,,compute-014,bmc-bmc0,server,conv-mgmt-leaf-01,E1/40,leaf
56,40702,connected,,,compute-014,fe-bf3-0-p0,server,fe-leaf-01,E1/7/2,leaf
56,40703,connected,,,compute-014,fe-bf3-1-p0,server,fe-leaf-02,E1/7/2,leaf
56,40704,connected,,,compute-014,storage-bf3-0-p0,server,storage-leaf-01,E1/7/2,leaf
56,40705,connected,,,compute-014,storage-bf3-1-p0,server,storage-leaf-02,E1/7/2,leaf
56,40706,connected,,,compute-014,x550-port0,server,conv-mgmt-leaf-01,E1/41,leaf
56,40707,connected,,,compute-014,x550-port1,server,conv-mgmt-leaf-01,E1/42,leaf
56,40708,connected,,,compute-015,be-gpu0-port0,server,be-plane-a-leaf-01,E1/8/1,leaf
56,40709,connected,,,compute-015,be-gpu0-port1,server,be-plane-b-leaf-01,E1/8/1,leaf
56,40710,connected,,,compute-015,be-gpu1-port0,server,be-plane-a-leaf-02,E1/8/1,leaf
56,40711,connected,,,compute-015,be-gpu1-port1,server,be-plane-b-leaf-02,E1/8/1,leaf
56,40712,connected,,,compute-015,be-gpu2-port0,server,be-plane-a-leaf-03,E1/8/1,leaf
56,40713,connected,,,compute-015,be-gpu2-port1,server,be-plane-b-leaf-03,E1/8/1,leaf
56,40714,connected,,,compute-015,be-gpu3-port0,server,be-plane-a-leaf-04,E1/8/1,leaf
56,40715,connected,,,compute-015,be-gpu3-port1,server,be-plane-b-leaf-04,E1/8/1,leaf
56,40716,connected,,,compute-015,be-gpu4-port0,server,be-plane-a-leaf-05,E1/8/1,leaf
56,40717,connected,,,compute-015,be-gpu4-port1,server,be-plane-b-leaf-05,E1/8/1,leaf
56,40718,connected,,,compute-015,be-gpu5-port0,server,be-plane-a-leaf-06,E1/8/1,leaf
56,40719,connected,,,compute-015,be-gpu5-port1,server,be-plane-b-leaf-06,E1/8/1,leaf
56,40720,connected,,,compute-015,be-gpu6-port0,server,be-plane-a-leaf-07,E1/8/1,leaf
56,40721,connected,,,compute-015,be-gpu6-port1,server,be-plane-b-leaf-07,E1/8/1,leaf
56,40722,connected,,,compute-015,be-gpu7-port0,server,be-plane-a-leaf-08,E1/8/1,leaf
56,40723,connected,,,compute-015,be-gpu7-port1,server,be-plane-b-leaf-08,E1/8/1,leaf
56,40724,connected,,,compute-015,bmc-bmc0,server,conv-mgmt-leaf-01,E1/43,leaf
56,40725,connected,,,compute-015,fe-bf3-0-p0,server,fe-leaf-01,E1/8/1,leaf
56,40726,connected,,,compute-015,fe-bf3-1-p0,server,fe-leaf-02,E1/8/1,leaf
56,40727,connected,,,compute-015,storage-bf3-0-p0,server,storage-leaf-01,E1/8/1,leaf
56,40728,connected,,,compute-015,storage-bf3-1-p0,server,storage-leaf-02,E1/8/1,leaf
56,40729,connected,,,compute-015,x550-port0,server,conv-mgmt-leaf-01,E1/44,leaf
56,40730,connected,,,compute-015,x550-port1,server,conv-mgmt-leaf-01,E1/45,leaf
56,40731,connected,,,compute-016,be-gpu0-port0,server,be-plane-a-leaf-01,E1/8/2,leaf
56,40732,connected,,,compute-016,be-gpu0-port1,server,be-plane-b-leaf-01,E1/8/2,leaf
56,40733,connected,,,compute-016,be-gpu1-port0,server,be-plane-a-leaf-02,E1/8/2,leaf
56,40734,connected,,,compute-016,be-gpu1-port1,server,be-plane-b-leaf-02,E1/8/2,leaf
56,40735,connected,,,compute-016,be-gpu2-port0,server,be-plane-a-leaf-03,E1/8/2,leaf
56,40736,connected,,,compute-016,be-gpu2-port1,server,be-plane-b-leaf-03,E1/8/2,leaf
56,40737,connected,,,compute-016,be-gpu3-port0,server,be-plane-a-leaf-04,E1/8/2,leaf
56,40738,connected,,,compute-016,be-gpu3-port1,server,be-plane-b-leaf-04,E1/8/2,leaf
56,40739,connected,,,compute-016,be-gpu4-port0,server,be-plane-a-leaf-05,E1/8/2,leaf
56,40740,connected,,,compute-016,be-gpu4-port1,server,be-plane-b-leaf-05,E1/8/2,leaf
56,40741,connected,,,compute-016,be-gpu5-port0,server,be-plane-a-leaf-06,E1/8/2,leaf
56,40742,connected,,,compute-016,be-gpu5-port1,server,be-plane-b-leaf-06,E1/8/2,leaf
56,40743,connected,,,compute-016,be-gpu6-port0,server,be-plane-a-leaf-07,E1/8/2,leaf
56,40744,connected,,,compute-016,be-gpu6-port1,server,be-plane-b-leaf-07,E1/8/2,leaf
56,40745,connected,,,compute-016,be-gpu7-port0,server,be-plane-a-leaf-08,E1/8/2,leaf
56,40746,connected,,,compute-016,be-gpu7-port1,server,be-plane-b-leaf-08,E1/8/2,leaf
56,40747,connected,,,compute-016,bmc-bmc0,server,conv-mgmt-leaf-01,E1/46,leaf
56,40748,connected,,,compute-016,fe-bf3-0-p0,server,fe-leaf-01,E1/8/2,leaf
56,40749,connected,,,compute-016,fe-bf3-1-p0,server,fe-leaf-02,E1/8/2,leaf
56,40750,connected,,,compute-016,storage-bf3-0-p0,server,storage-leaf-01,E1/8/2,leaf
56,40751,connected,,,compute-016,storage-bf3-1-p0,server,storage-leaf-02,E1/8/2,leaf
56,40752,connected,,,compute-016,x550-port0,server,conv-mgmt-leaf-01,E1/47,leaf
56,40753,connected,,,compute-016,x550-port1,server,conv-mgmt-leaf-01,E1/48,leaf
56,40754,connected,,,compute-017,be-gpu0-port0,server,be-plane-a-leaf-01,E1/9/1,leaf
56,40755,connected,,,compute-017,be-gpu0-port1,server,be-plane-b-leaf-01,E1/9/1,leaf
56,40756,connected,,,compute-017,be-gpu1-port0,server,be-plane-a-leaf-02,E1/9/1,leaf
56,40757,connected,,,compute-017,be-gpu1-port1,server,be-plane-b-leaf-02,E1/9/1,leaf
56,40758,connected,,,compute-017,be-gpu2-port0,server,be-plane-a-leaf-03,E1/9/1,leaf
56,40759,connected,,,compute-017,be-gpu2-port1,server,be-plane-b-leaf-03,E1/9/1,leaf
56,40760,connected,,,compute-017,be-gpu3-port0,server,be-plane-a-leaf-04,E1/9/1,leaf
56,40761,connected,,,compute-017,be-gpu3-port1,server,be-plane-b-leaf-04,E1/9/1,leaf
56,40762,connected,,,compute-017,be-gpu4-port0,server,be-plane-a-leaf-05,E1/9/1,leaf
56,40763,connected,,,compute-017,be-gpu4-port1,server,be-plane-b-leaf-05,E1/9/1,leaf
56,40764,connected,,,compute-017,be-gpu5-port0,server,be-plane-a-leaf-06,E1/9/1,leaf
56,40765,connected,,,compute-017,be-gpu5-port1,server,be-plane-b-leaf-06,E1/9/1,leaf
56,40766,connected,,,compute-017,be-gpu6-port0,server,be-plane-a-leaf-07,E1/9/1,leaf
56,40767,connected,,,compute-017,be-gpu6-port1,server,be-plane-b-leaf-07,E1/9/1,leaf
56,40768,connected,,,compute-017,be-gpu7-port0,server,be-plane-a-leaf-08,E1/9/1,leaf
56,40769,connected,,,compute-017,be-gpu7-port1,server,be-plane-b-leaf-08,E1/9/1,leaf
56,40770,connected,,,compute-017,bmc-bmc0,server,conv-mgmt-leaf-02,E1/1,leaf
56,40771,connected,,,compute-017,fe-bf3-0-p0,server,fe-leaf-01,E1/9/1,leaf
56,40772,connected,,,compute-017,fe-bf3-1-p0,server,fe-leaf-02,E1/9/1,leaf
56,40773,connected,,,compute-017,storage-bf3-0-p0,server,storage-leaf-01,E1/9/1,leaf
56,40774,connected,,,compute-017,storage-bf3-1-p0,server,storage-leaf-02,E1/9/1,leaf
56,40775,connected,,,compute-017,x550-port0,server,conv-mgmt-leaf-02,E1/2,leaf
56,40776,connected,,,compute-017,x550-port1,server,conv-mgmt-leaf-02,E1/3,leaf
56,40777,connected,,,compute-018,be-gpu0-port0,server,be-plane-a-leaf-01,E1/9/2,leaf
56,40778,connected,,,compute-018,be-gpu0-port1,server,be-plane-b-leaf-01,E1/9/2,leaf
56,40779,connected,,,compute-018,be-gpu1-port0,server,be-plane-a-leaf-02,E1/9/2,leaf
56,40780,connected,,,compute-018,be-gpu1-port1,server,be-plane-b-leaf-02,E1/9/2,leaf
56,40781,connected,,,compute-018,be-gpu2-port0,server,be-plane-a-leaf-03,E1/9/2,leaf
56,40782,connected,,,compute-018,be-gpu2-port1,server,be-plane-b-leaf-03,E1/9/2,leaf
56,40783,connected,,,compute-018,be-gpu3-port0,server,be-plane-a-leaf-04,E1/9/2,leaf
56,40784,connected,,,compute-018,be-gpu3-port1,server,be-plane-b-leaf-04,E1/9/2,leaf
56,40785,connected,,,compute-018,be-gpu4-port0,server,be-plane-a-leaf-05,E1/9/2,leaf
56,40786,connected,,,compute-018,be-gpu4-port1,server,be-plane-b-leaf-05,E1/9/2,leaf
56,40787,connected,,,compute-018,be-gpu5-port0,server,be-plane-a-leaf-06,E1/9/2,leaf
56,40788,connected,,,compute-018,be-gpu5-port1,server,be-plane-b-leaf-06,E1/9/2,leaf
56,40789,connected,,,compute-018,be-gpu6-port0,server,be-plane-a-leaf-07,E1/9/2,leaf
56,40790,connected,,,compute-018,be-gpu6-port1,server,be-plane-b-leaf-07,E1/9/2,leaf
56,40791,connected,,,compute-018,be-gpu7-port0,server,be-plane-a-leaf-08,E1/9/2,leaf
56,40792,connected,,,compute-018,be-gpu7-port1,server,be-plane-b-leaf-08,E1/9/2,leaf
56,40793,connected,,,compute-018,bmc-bmc0,server,conv-mgmt-leaf-02,E1/4,leaf
56,40794,connected,,,compute-018,fe-bf3-0-p0,server,fe-leaf-01,E1/9/2,leaf
56,40795,connected,,,compute-018,fe-bf3-1-p0,server,fe-leaf-02,E1/9/2,leaf
56,40796,connected,,,compute-018,storage-bf3-0-p0,server,storage-leaf-01,E1/9/2,leaf
56,40797,connected,,,compute-018,storage-bf3-1-p0,server,storage-leaf-02,E1/9/2,leaf
56,40798,connected,,,compute-018,x550-port0,server,conv-mgmt-leaf-02,E1/5,leaf
56,40799,connected,,,compute-018,x550-port1,server,conv-mgmt-leaf-02,E1/6,leaf
56,40800,connected,,,compute-019,be-gpu0-port0,server,be-plane-a-leaf-01,E1/10/1,leaf
56,40801,connected,,,compute-019,be-gpu0-port1,server,be-plane-b-leaf-01,E1/10/1,leaf
56,40802,connected,,,compute-019,be-gpu1-port0,server,be-plane-a-leaf-02,E1/10/1,leaf
56,40803,connected,,,compute-019,be-gpu1-port1,server,be-plane-b-leaf-02,E1/10/1,leaf
56,40804,connected,,,compute-019,be-gpu2-port0,server,be-plane-a-leaf-03,E1/10/1,leaf
56,40805,connected,,,compute-019,be-gpu2-port1,server,be-plane-b-leaf-03,E1/10/1,leaf
56,40806,connected,,,compute-019,be-gpu3-port0,server,be-plane-a-leaf-04,E1/10/1,leaf
56,40807,connected,,,compute-019,be-gpu3-port1,server,be-plane-b-leaf-04,E1/10/1,leaf
56,40808,connected,,,compute-019,be-gpu4-port0,server,be-plane-a-leaf-05,E1/10/1,leaf
56,40809,connected,,,compute-019,be-gpu4-port1,server,be-plane-b-leaf-05,E1/10/1,leaf
56,40810,connected,,,compute-019,be-gpu5-port0,server,be-plane-a-leaf-06,E1/10/1,leaf
56,40811,connected,,,compute-019,be-gpu5-port1,server,be-plane-b-leaf-06,E1/10/1,leaf
56,40812,connected,,,compute-019,be-gpu6-port0,server,be-plane-a-leaf-07,E1/10/1,leaf
56,40813,connected,,,compute-019,be-gpu6-port1,server,be-plane-b-leaf-07,E1/10/1,leaf
56,40814,connected,,,compute-019,be-gpu7-port0,server,be-plane-a-leaf-08,E1/10/1,leaf
56,40815,connected,,,compute-019,be-gpu7-port1,server,be-plane-b-leaf-08,E1/10/1,leaf
56,40816,connected,,,compute-019,bmc-bmc0,server,conv-mgmt-leaf-02,E1/7,leaf
56,40817,connected,,,compute-019,fe-bf3-0-p0,server,fe-leaf-01,E1/10/1,leaf
56,40818,connected,,,compute-019,fe-bf3-1-p0,server,fe-leaf-02,E1/10/1,leaf
56,40819,connected,,,compute-019,storage-bf3-0-p0,server,storage-leaf-01,E1/10/1,leaf
56,40820,connected,,,compute-019,storage-bf3-1-p0,server,storage-leaf-02,E1/10/1,leaf
56,40821,connected,,,compute-019,x550-port0,server,conv-mgmt-leaf-02,E1/8,leaf
56,40822,connected,,,compute-019,x550-port1,server,conv-mgmt-leaf-02,E1/9,leaf
56,40823,connected,,,compute-020,be-gpu0-port0,server,be-plane-a-leaf-01,E1/10/2,leaf
56,40824,connected,,,compute-020,be-gpu0-port1,server,be-plane-b-leaf-01,E1/10/2,leaf
56,40825,connected,,,compute-020,be-gpu1-port0,server,be-plane-a-leaf-02,E1/10/2,leaf
56,40826,connected,,,compute-020,be-gpu1-port1,server,be-plane-b-leaf-02,E1/10/2,leaf
56,40827,connected,,,compute-020,be-gpu2-port0,server,be-plane-a-leaf-03,E1/10/2,leaf
56,40828,connected,,,compute-020,be-gpu2-port1,server,be-plane-b-leaf-03,E1/10/2,leaf
56,40829,connected,,,compute-020,be-gpu3-port0,server,be-plane-a-leaf-04,E1/10/2,leaf
56,40830,connected,,,compute-020,be-gpu3-port1,server,be-plane-b-leaf-04,E1/10/2,leaf
56,40831,connected,,,compute-020,be-gpu4-port0,server,be-plane-a-leaf-05,E1/10/2,leaf
56,40832,connected,,,compute-020,be-gpu4-port1,server,be-plane-b-leaf-05,E1/10/2,leaf
56,40833,connected,,,compute-020,be-gpu5-port0,server,be-plane-a-leaf-06,E1/10/2,leaf
56,40834,connected,,,compute-020,be-gpu5-port1,server,be-plane-b-leaf-06,E1/10/2,leaf
56,40835,connected,,,compute-020,be-gpu6-port0,server,be-plane-a-leaf-07,E1/10/2,leaf
56,40836,connected,,,compute-020,be-gpu6-port1,server,be-plane-b-leaf-07,E1/10/2,leaf
56,40837,connected,,,compute-020,be-gpu7-port0,server,be-plane-a-leaf-08,E1/10/2,leaf
56,40838,connected,,,compute-020,be-gpu7-port1,server,be-plane-b-leaf-08,E1/10/2,leaf
56,40839,connected,,,compute-020,bmc-bmc0,server,conv-mgmt-leaf-02,E1/10,leaf
56,40840,connected,,,compute-020,fe-bf3-0-p0,server,fe-leaf-01,E1/10/2,leaf
56,40841,connected,,,compute-020,fe-bf3-1-p0,server,fe-leaf-02,E1/10/2,leaf
56,40842,connected,,,compute-020,storage-bf3-0-p0,server,storage-leaf-01,E1/10/2,leaf
56,40843,connected,,,compute-020,storage-bf3-1-p0,server,storage-leaf-02,E1/10/2,leaf
56,40844,connected,,,compute-020,x550-port0,server,conv-mgmt-leaf-02,E1/11,leaf
56,40845,connected,,,compute-020,x550-port1,server,conv-mgmt-leaf-02,E1/12,leaf
56,40846,connected,,,compute-021,be-gpu0-port0,server,be-plane-a-leaf-01,E1/11/1,leaf
56,40847,connected,,,compute-021,be-gpu0-port1,server,be-plane-b-leaf-01,E1/11/1,leaf
56,40848,connected,,,compute-021,be-gpu1-port0,server,be-plane-a-leaf-02,E1/11/1,leaf
56,40849,connected,,,compute-021,be-gpu1-port1,server,be-plane-b-leaf-02,E1/11/1,leaf
56,40850,connected,,,compute-021,be-gpu2-port0,server,be-plane-a-leaf-03,E1/11/1,leaf
56,40851,connected,,,compute-021,be-gpu2-port1,server,be-plane-b-leaf-03,E1/11/1,leaf
56,40852,connected,,,compute-021,be-gpu3-port0,server,be-plane-a-leaf-04,E1/11/1,leaf
56,40853,connected,,,compute-021,be-gpu3-port1,server,be-plane-b-leaf-04,E1/11/1,leaf
56,40854,connected,,,compute-021,be-gpu4-port0,server,be-plane-a-leaf-05,E1/11/1,leaf
56,40855,connected,,,compute-021,be-gpu4-port1,server,be-plane-b-leaf-05,E1/11/1,leaf
56,40856,connected,,,compute-021,be-gpu5-port0,server,be-plane-a-leaf-06,E1/11/1,leaf
56,40857,connected,,,compute-021,be-gpu5-port1,server,be-plane-b-leaf-06,E1/11/1,leaf
56,40858,connected,,,compute-021,be-gpu6-port0,server,be-plane-a-leaf-07,E1/11/1,leaf
56,40859,connected,,,compute-021,be-gpu6-port1,server,be-plane-b-leaf-07,E1/11/1,leaf
56,40860,connected,,,compute-021,be-gpu7-port0,server,be-plane-a-leaf-08,E1/11/1,leaf
56,40861,connected,,,compute-021,be-gpu7-port1,server,be-plane-b-leaf-08,E1/11/1,leaf
56,40862,connected,,,compute-021,bmc-bmc0,server,conv-mgmt-leaf-02,E1/13,leaf
56,40863,connected,,,compute-021,fe-bf3-0-p0,server,fe-leaf-01,E1/11/1,leaf
56,40864,connected,,,compute-021,fe-bf3-1-p0,server,fe-leaf-02,E1/11/1,leaf
56,40865,connected,,,compute-021,storage-bf3-0-p0,server,storage-leaf-01,E1/11/1,leaf
56,40866,connected,,,compute-021,storage-bf3-1-p0,server,storage-leaf-02,E1/11/1,leaf
56,40867,connected,,,compute-021,x550-port0,server,conv-mgmt-leaf-02,E1/14,leaf
56,40868,connected,,,compute-021,x550-port1,server,conv-mgmt-leaf-02,E1/15,leaf
56,40869,connected,,,compute-022,be-gpu0-port0,server,be-plane-a-leaf-01,E1/11/2,leaf
56,40870,connected,,,compute-022,be-gpu0-port1,server,be-plane-b-leaf-01,E1/11/2,leaf
56,40871,connected,,,compute-022,be-gpu1-port0,server,be-plane-a-leaf-02,E1/11/2,leaf
56,40872,connected,,,compute-022,be-gpu1-port1,server,be-plane-b-leaf-02,E1/11/2,leaf
56,40873,connected,,,compute-022,be-gpu2-port0,server,be-plane-a-leaf-03,E1/11/2,leaf
56,40874,connected,,,compute-022,be-gpu2-port1,server,be-plane-b-leaf-03,E1/11/2,leaf
56,40875,connected,,,compute-022,be-gpu3-port0,server,be-plane-a-leaf-04,E1/11/2,leaf
56,40876,connected,,,compute-022,be-gpu3-port1,server,be-plane-b-leaf-04,E1/11/2,leaf
56,40877,connected,,,compute-022,be-gpu4-port0,server,be-plane-a-leaf-05,E1/11/2,leaf
56,40878,connected,,,compute-022,be-gpu4-port1,server,be-plane-b-leaf-05,E1/11/2,leaf
56,40879,connected,,,compute-022,be-gpu5-port0,server,be-plane-a-leaf-06,E1/11/2,leaf
56,40880,connected,,,compute-022,be-gpu5-port1,server,be-plane-b-leaf-06,E1/11/2,leaf
56,40881,connected,,,compute-022,be-gpu6-port0,server,be-plane-a-leaf-07,E1/11/2,leaf
56,40882,connected,,,compute-022,be-gpu6-port1,server,be-plane-b-leaf-07,E1/11/2,leaf
56,40883,connected,,,compute-022,be-gpu7-port0,server,be-plane-a-leaf-08,E1/11/2,leaf
56,40884,connected,,,compute-022,be-gpu7-port1,server,be-plane-b-leaf-08,E1/11/2,leaf
56,40885,connected,,,compute-022,bmc-bmc0,server,conv-mgmt-leaf-02,E1/16,leaf
56,40886,connected,,,compute-022,fe-bf3-0-p0,server,fe-leaf-01,E1/11/2,leaf
56,40887,connected,,,compute-022,fe-bf3-1-p0,server,fe-leaf-02,E1/11/2,leaf
56,40888,connected,,,compute-022,storage-bf3-0-p0,server,storage-leaf-01,E1/11/2,leaf
56,40889,connected,,,compute-022,storage-bf3-1-p0,server,storage-leaf-02,E1/11/2,leaf
56,40890,connected,,,compute-022,x550-port0,server,conv-mgmt-leaf-02,E1/17,leaf
56,40891,connected,,,compute-022,x550-port1,server,conv-mgmt-leaf-02,E1/18,leaf
56,40892,connected,,,compute-023,be-gpu0-port0,server,be-plane-a-leaf-01,E1/12/1,leaf
56,40893,connected,,,compute-023,be-gpu0-port1,server,be-plane-b-leaf-01,E1/12/1,leaf
56,40894,connected,,,compute-023,be-gpu1-port0,server,be-plane-a-leaf-02,E1/12/1,leaf
56,40895,connected,,,compute-023,be-gpu1-port1,server,be-plane-b-leaf-02,E1/12/1,leaf
56,40896,connected,,,compute-023,be-gpu2-port0,server,be-plane-a-leaf-03,E1/12/1,leaf
56,40897,connected,,,compute-023,be-gpu2-port1,server,be-plane-b-leaf-03,E1/12/1,leaf
56,40898,connected,,,compute-023,be-gpu3-port0,server,be-plane-a-leaf-04,E1/12/1,leaf
56,40899,connected,,,compute-023,be-gpu3-port1,server,be-plane-b-leaf-04,E1/12/1,leaf
56,40900,connected,,,compute-023,be-gpu4-port0,server,be-plane-a-leaf-05,E1/12/1,leaf
56,40901,connected,,,compute-023,be-gpu4-port1,server,be-plane-b-leaf-05,E1/12/1,leaf
56,40902,connected,,,compute-023,be-gpu5-port0,server,be-plane-a-leaf-06,E1/12/1,leaf
56,40903,connected,,,compute-023,be-gpu5-port1,server,be-plane-b-leaf-06,E1/12/1,leaf
56,40904,connected,,,compute-023,be-gpu6-port0,server,be-plane-a-leaf-07,E1/12/1,leaf
56,40905,connected,,,compute-023,be-gpu6-port1,server,be-plane-b-leaf-07,E1/12/1,leaf
56,40906,connected,,,compute-023,be-gpu7-port0,server,be-plane-a-leaf-08,E1/12/1,leaf
56,40907,connected,,,compute-023,be-gpu7-port1,server,be-plane-b-leaf-08,E1/12/1,leaf
56,40908,connected,,,compute-023,bmc-bmc0,server,conv-mgmt-leaf-02,E1/19,leaf
56,40909,connected,,,compute-023,fe-bf3-0-p0,server,fe-leaf-01,E1/12/1,leaf
56,40910,connected,,,compute-023,fe-bf3-1-p0,server,fe-leaf-02,E1/12/1,leaf
56,40911,connected,,,compute-023,storage-bf3-0-p0,server,storage-leaf-01,E1/12/1,leaf
56,40912,connected,,,compute-023,storage-bf3-1-p0,server,storage-leaf-02,E1/12/1,leaf
56,40913,connected,,,compute-023,x550-port0,server,conv-mgmt-leaf-02,E1/20,leaf
56,40914,connected,,,compute-023,x550-port1,server,conv-mgmt-leaf-02,E1/21,leaf
56,40915,connected,,,compute-024,be-gpu0-port0,server,be-plane-a-leaf-01,E1/12/2,leaf
56,40916,connected,,,compute-024,be-gpu0-port1,server,be-plane-b-leaf-01,E1/12/2,leaf
56,40917,connected,,,compute-024,be-gpu1-port0,server,be-plane-a-leaf-02,E1/12/2,leaf
56,40918,connected,,,compute-024,be-gpu1-port1,server,be-plane-b-leaf-02,E1/12/2,leaf
56,40919,connected,,,compute-024,be-gpu2-port0,server,be-plane-a-leaf-03,E1/12/2,leaf
56,40920,connected,,,compute-024,be-gpu2-port1,server,be-plane-b-leaf-03,E1/12/2,leaf
56,40921,connected,,,compute-024,be-gpu3-port0,server,be-plane-a-leaf-04,E1/12/2,leaf
56,40922,connected,,,compute-024,be-gpu3-port1,server,be-plane-b-leaf-04,E1/12/2,leaf
56,40923,connected,,,compute-024,be-gpu4-port0,server,be-plane-a-leaf-05,E1/12/2,leaf
56,40924,connected,,,compute-024,be-gpu4-port1,server,be-plane-b-leaf-05,E1/12/2,leaf
56,40925,connected,,,compute-024,be-gpu5-port0,server,be-plane-a-leaf-06,E1/12/2,leaf
56,40926,connected,,,compute-024,be-gpu5-port1,server,be-plane-b-leaf-06,E1/12/2,leaf
56,40927,connected,,,compute-024,be-gpu6-port0,server,be-plane-a-leaf-07,E1/12/2,leaf
56,40928,connected,,,compute-024,be-gpu6-port1,server,be-plane-b-leaf-07,E1/12/2,leaf
56,40929,connected,,,compute-024,be-gpu7-port0,server,be-plane-a-leaf-08,E1/12/2,leaf
56,40930,connected,,,compute-024,be-gpu7-port1,server,be-plane-b-leaf-08,E1/12/2,leaf
56,40931,connected,,,compute-024,bmc-bmc0,server,conv-mgmt-leaf-02,E1/22,leaf
56,40932,connected,,,compute-024,fe-bf3-0-p0,server,fe-leaf-01,E1/12/2,leaf
56,40933,connected,,,compute-024,fe-bf3-1-p0,server,fe-leaf-02,E1/12/2,leaf
56,40934,connected,,,compute-024,storage-bf3-0-p0,server,storage-leaf-01,E1/12/2,leaf
56,40935,connected,,,compute-024,storage-bf3-1-p0,server,storage-leaf-02,E1/12/2,leaf
56,40936,connected,,,compute-024,x550-port0,server,conv-mgmt-leaf-02,E1/23,leaf
56,40937,connected,,,compute-024,x550-port1,server,conv-mgmt-leaf-02,E1/24,leaf
56,40938,connected,,,compute-025,be-gpu0-port0,server,be-plane-a-leaf-01,E1/13/1,leaf
56,40939,connected,,,compute-025,be-gpu0-port1,server,be-plane-b-leaf-01,E1/13/1,leaf
56,40940,connected,,,compute-025,be-gpu1-port0,server,be-plane-a-leaf-02,E1/13/1,leaf
56,40941,connected,,,compute-025,be-gpu1-port1,server,be-plane-b-leaf-02,E1/13/1,leaf
56,40942,connected,,,compute-025,be-gpu2-port0,server,be-plane-a-leaf-03,E1/13/1,leaf
56,40943,connected,,,compute-025,be-gpu2-port1,server,be-plane-b-leaf-03,E1/13/1,leaf
56,40944,connected,,,compute-025,be-gpu3-port0,server,be-plane-a-leaf-04,E1/13/1,leaf
56,40945,connected,,,compute-025,be-gpu3-port1,server,be-plane-b-leaf-04,E1/13/1,leaf
56,40946,connected,,,compute-025,be-gpu4-port0,server,be-plane-a-leaf-05,E1/13/1,leaf
56,40947,connected,,,compute-025,be-gpu4-port1,server,be-plane-b-leaf-05,E1/13/1,leaf
56,40948,connected,,,compute-025,be-gpu5-port0,server,be-plane-a-leaf-06,E1/13/1,leaf
56,40949,connected,,,compute-025,be-gpu5-port1,server,be-plane-b-leaf-06,E1/13/1,leaf
56,40950,connected,,,compute-025,be-gpu6-port0,server,be-plane-a-leaf-07,E1/13/1,leaf
56,40951,connected,,,compute-025,be-gpu6-port1,server,be-plane-b-leaf-07,E1/13/1,leaf
56,40952,connected,,,compute-025,be-gpu7-port0,server,be-plane-a-leaf-08,E1/13/1,leaf
56,40953,connected,,,compute-025,be-gpu7-port1,server,be-plane-b-leaf-08,E1/13/1,leaf
56,40954,connected,,,compute-025,bmc-bmc0,server,conv-mgmt-leaf-02,E1/25,leaf
56,40955,connected,,,compute-025,fe-bf3-0-p0,server,fe-leaf-01,E1/13/1,leaf
56,40956,connected,,,compute-025,fe-bf3-1-p0,server,fe-leaf-02,E1/13/1,leaf
56,40957,connected,,,compute-025,storage-bf3-0-p0,server,storage-leaf-01,E1/13/1,leaf
56,40958,connected,,,compute-025,storage-bf3-1-p0,server,storage-leaf-02,E1/13/1,leaf
56,40959,connected,,,compute-025,x550-port0,server,conv-mgmt-leaf-02,E1/26,leaf
56,40960,connected,,,compute-025,x550-port1,server,conv-mgmt-leaf-02,E1/27,leaf
56,40961,connected,,,compute-026,be-gpu0-port0,server,be-plane-a-leaf-01,E1/13/2,leaf
56,40962,connected,,,compute-026,be-gpu0-port1,server,be-plane-b-leaf-01,E1/13/2,leaf
56,40963,connected,,,compute-026,be-gpu1-port0,server,be-plane-a-leaf-02,E1/13/2,leaf
56,40964,connected,,,compute-026,be-gpu1-port1,server,be-plane-b-leaf-02,E1/13/2,leaf
56,40965,connected,,,compute-026,be-gpu2-port0,server,be-plane-a-leaf-03,E1/13/2,leaf
56,40966,connected,,,compute-026,be-gpu2-port1,server,be-plane-b-leaf-03,E1/13/2,leaf
56,40967,connected,,,compute-026,be-gpu3-port0,server,be-plane-a-leaf-04,E1/13/2,leaf
56,40968,connected,,,compute-026,be-gpu3-port1,server,be-plane-b-leaf-04,E1/13/2,leaf
56,40969,connected,,,compute-026,be-gpu4-port0,server,be-plane-a-leaf-05,E1/13/2,leaf
56,40970,connected,,,compute-026,be-gpu4-port1,server,be-plane-b-leaf-05,E1/13/2,leaf
56,40971,connected,,,compute-026,be-gpu5-port0,server,be-plane-a-leaf-06,E1/13/2,leaf
56,40972,connected,,,compute-026,be-gpu5-port1,server,be-plane-b-leaf-06,E1/13/2,leaf
56,40973,connected,,,compute-026,be-gpu6-port0,server,be-plane-a-leaf-07,E1/13/2,leaf
56,40974,connected,,,compute-026,be-gpu6-port1,server,be-plane-b-leaf-07,E1/13/2,leaf
56,40975,connected,,,compute-026,be-gpu7-port0,server,be-plane-a-leaf-08,E1/13/2,leaf
56,40976,connected,,,compute-026,be-gpu7-port1,server,be-plane-b-leaf-08,E1/13/2,leaf
56,40977,connected,,,compute-026,bmc-bmc0,server,conv-mgmt-leaf-02,E1/28,leaf
56,40978,connected,,,compute-026,fe-bf3-0-p0,server,fe-leaf-01,E1/13/2,leaf
56,40979,connected,,,compute-026,fe-bf3-1-p0,server,fe-leaf-02,E1/13/2,leaf
56,40980,connected,,,compute-026,storage-bf3-0-p0,server,storage-leaf-01,E1/13/2,leaf
56,40981,connected,,,compute-026,storage-bf3-1-p0,server,storage-leaf-02,E1/13/2,leaf
56,40982,connected,,,compute-026,x550-port0,server,conv-mgmt-leaf-02,E1/29,leaf
56,40983,connected,,,compute-026,x550-port1,server,conv-mgmt-leaf-02,E1/30,leaf
56,40984,connected,,,compute-027,be-gpu0-port0,server,be-plane-a-leaf-01,E1/14/1,leaf
56,40985,connected,,,compute-027,be-gpu0-port1,server,be-plane-b-leaf-01,E1/14/1,leaf
56,40986,connected,,,compute-027,be-gpu1-port0,server,be-plane-a-leaf-02,E1/14/1,leaf
56,40987,connected,,,compute-027,be-gpu1-port1,server,be-plane-b-leaf-02,E1/14/1,leaf
56,40988,connected,,,compute-027,be-gpu2-port0,server,be-plane-a-leaf-03,E1/14/1,leaf
56,40989,connected,,,compute-027,be-gpu2-port1,server,be-plane-b-leaf-03,E1/14/1,leaf
56,40990,connected,,,compute-027,be-gpu3-port0,server,be-plane-a-leaf-04,E1/14/1,leaf
56,40991,connected,,,compute-027,be-gpu3-port1,server,be-plane-b-leaf-04,E1/14/1,leaf
56,40992,connected,,,compute-027,be-gpu4-port0,server,be-plane-a-leaf-05,E1/14/1,leaf
56,40993,connected,,,compute-027,be-gpu4-port1,server,be-plane-b-leaf-05,E1/14/1,leaf
56,40994,connected,,,compute-027,be-gpu5-port0,server,be-plane-a-leaf-06,E1/14/1,leaf
56,40995,connected,,,compute-027,be-gpu5-port1,server,be-plane-b-leaf-06,E1/14/1,leaf
56,40996,connected,,,compute-027,be-gpu6-port0,server,be-plane-a-leaf-07,E1/14/1,leaf
56,40997,connected,,,compute-027,be-gpu6-port1,server,be-plane-b-leaf-07,E1/14/1,leaf
56,40998,connected,,,compute-027,be-gpu7-port0,server,be-plane-a-leaf-08,E1/14/1,leaf
56,40999,connected,,,compute-027,be-gpu7-port1,server,be-plane-b-leaf-08,E1/14/1,leaf
56,41000,connected,,,compute-027,bmc-bmc0,server,conv-mgmt-leaf-02,E1/31,leaf
56,41001,connected,,,compute-027,fe-bf3-0-p0,server,fe-leaf-01,E1/14/1,leaf
56,41002,connected,,,compute-027,fe-bf3-1-p0,server,fe-leaf-02,E1/14/1,leaf
56,41003,connected,,,compute-027,storage-bf3-0-p0,server,storage-leaf-01,E1/14/1,leaf
56,41004,connected,,,compute-027,storage-bf3-1-p0,server,storage-leaf-02,E1/14/1,leaf
56,41005,connected,,,compute-027,x550-port0,server,conv-mgmt-leaf-02,E1/32,leaf
56,41006,connected,,,compute-027,x550-port1,server,conv-mgmt-leaf-02,E1/33,leaf
56,41007,connected,,,compute-028,be-gpu0-port0,server,be-plane-a-leaf-01,E1/14/2,leaf
56,41008,connected,,,compute-028,be-gpu0-port1,server,be-plane-b-leaf-01,E1/14/2,leaf
56,41009,connected,,,compute-028,be-gpu1-port0,server,be-plane-a-leaf-02,E1/14/2,leaf
56,41010,connected,,,compute-028,be-gpu1-port1,server,be-plane-b-leaf-02,E1/14/2,leaf
56,41011,connected,,,compute-028,be-gpu2-port0,server,be-plane-a-leaf-03,E1/14/2,leaf
56,41012,connected,,,compute-028,be-gpu2-port1,server,be-plane-b-leaf-03,E1/14/2,leaf
56,41013,connected,,,compute-028,be-gpu3-port0,server,be-plane-a-leaf-04,E1/14/2,leaf
56,41014,connected,,,compute-028,be-gpu3-port1,server,be-plane-b-leaf-04,E1/14/2,leaf
56,41015,connected,,,compute-028,be-gpu4-port0,server,be-plane-a-leaf-05,E1/14/2,leaf
56,41016,connected,,,compute-028,be-gpu4-port1,server,be-plane-b-leaf-05,E1/14/2,leaf
56,41017,connected,,,compute-028,be-gpu5-port0,server,be-plane-a-leaf-06,E1/14/2,leaf
56,41018,connected,,,compute-028,be-gpu5-port1,server,be-plane-b-leaf-06,E1/14/2,leaf
56,41019,connected,,,compute-028,be-gpu6-port0,server,be-plane-a-leaf-07,E1/14/2,leaf
56,41020,connected,,,compute-028,be-gpu6-port1,server,be-plane-b-leaf-07,E1/14/2,leaf
56,41021,connected,,,compute-028,be-gpu7-port0,server,be-plane-a-leaf-08,E1/14/2,leaf
56,41022,connected,,,compute-028,be-gpu7-port1,server,be-plane-b-leaf-08,E1/14/2,leaf
56,41023,connected,,,compute-028,bmc-bmc0,server,conv-mgmt-leaf-02,E1/34,leaf
56,41024,connected,,,compute-028,fe-bf3-0-p0,server,fe-leaf-01,E1/14/2,leaf
56,41025,connected,,,compute-028,fe-bf3-1-p0,server,fe-leaf-02,E1/14/2,leaf
56,41026,connected,,,compute-028,storage-bf3-0-p0,server,storage-leaf-01,E1/14/2,leaf
56,41027,connected,,,compute-028,storage-bf3-1-p0,server,storage-leaf-02,E1/14/2,leaf
56,41028,connected,,,compute-028,x550-port0,server,conv-mgmt-leaf-02,E1/35,leaf
56,41029,connected,,,compute-028,x550-port1,server,conv-mgmt-leaf-02,E1/36,leaf
56,41030,connected,,,compute-029,be-gpu0-port0,server,be-plane-a-leaf-01,E1/15/1,leaf
56,41031,connected,,,compute-029,be-gpu0-port1,server,be-plane-b-leaf-01,E1/15/1,leaf
56,41032,connected,,,compute-029,be-gpu1-port0,server,be-plane-a-leaf-02,E1/15/1,leaf
56,41033,connected,,,compute-029,be-gpu1-port1,server,be-plane-b-leaf-02,E1/15/1,leaf
56,41034,connected,,,compute-029,be-gpu2-port0,server,be-plane-a-leaf-03,E1/15/1,leaf
56,41035,connected,,,compute-029,be-gpu2-port1,server,be-plane-b-leaf-03,E1/15/1,leaf
56,41036,connected,,,compute-029,be-gpu3-port0,server,be-plane-a-leaf-04,E1/15/1,leaf
56,41037,connected,,,compute-029,be-gpu3-port1,server,be-plane-b-leaf-04,E1/15/1,leaf
56,41038,connected,,,compute-029,be-gpu4-port0,server,be-plane-a-leaf-05,E1/15/1,leaf
56,41039,connected,,,compute-029,be-gpu4-port1,server,be-plane-b-leaf-05,E1/15/1,leaf
56,41040,connected,,,compute-029,be-gpu5-port0,server,be-plane-a-leaf-06,E1/15/1,leaf
56,41041,connected,,,compute-029,be-gpu5-port1,server,be-plane-b-leaf-06,E1/15/1,leaf
56,41042,connected,,,compute-029,be-gpu6-port0,server,be-plane-a-leaf-07,E1/15/1,leaf
56,41043,connected,,,compute-029,be-gpu6-port1,server,be-plane-b-leaf-07,E1/15/1,leaf
56,41044,connected,,,compute-029,be-gpu7-port0,server,be-plane-a-leaf-08,E1/15/1,leaf
56,41045,connected,,,compute-029,be-gpu7-port1,server,be-plane-b-leaf-08,E1/15/1,leaf
56,41046,connected,,,compute-029,bmc-bmc0,server,conv-mgmt-leaf-02,E1/37,leaf
56,41047,connected,,,compute-029,fe-bf3-0-p0,server,fe-leaf-01,E1/15/1,leaf
56,41048,connected,,,compute-029,fe-bf3-1-p0,server,fe-leaf-02,E1/15/1,leaf
56,41049,connected,,,compute-029,storage-bf3-0-p0,server,storage-leaf-01,E1/15/1,leaf
56,41050,connected,,,compute-029,storage-bf3-1-p0,server,storage-leaf-02,E1/15/1,leaf
56,41051,connected,,,compute-029,x550-port0,server,conv-mgmt-leaf-02,E1/38,leaf
56,41052,connected,,,compute-029,x550-port1,server,conv-mgmt-leaf-02,E1/39,leaf
56,41053,connected,,,compute-030,be-gpu0-port0,server,be-plane-a-leaf-01,E1/15/2,leaf
56,41054,connected,,,compute-030,be-gpu0-port1,server,be-plane-b-leaf-01,E1/15/2,leaf
56,41055,connected,,,compute-030,be-gpu1-port0,server,be-plane-a-leaf-02,E1/15/2,leaf
56,41056,connected,,,compute-030,be-gpu1-port1,server,be-plane-b-leaf-02,E1/15/2,leaf
56,41057,connected,,,compute-030,be-gpu2-port0,server,be-plane-a-leaf-03,E1/15/2,leaf
56,41058,connected,,,compute-030,be-gpu2-port1,server,be-plane-b-leaf-03,E1/15/2,leaf
56,41059,connected,,,compute-030,be-gpu3-port0,server,be-plane-a-leaf-04,E1/15/2,leaf
56,41060,connected,,,compute-030,be-gpu3-port1,server,be-plane-b-leaf-04,E1/15/2,leaf
56,41061,connected,,,compute-030,be-gpu4-port0,server,be-plane-a-leaf-05,E1/15/2,leaf
56,41062,connected,,,compute-030,be-gpu4-port1,server,be-plane-b-leaf-05,E1/15/2,leaf
56,41063,connected,,,compute-030,be-gpu5-port0,server,be-plane-a-leaf-06,E1/15/2,leaf
56,41064,connected,,,compute-030,be-gpu5-port1,server,be-plane-b-leaf-06,E1/15/2,leaf
56,41065,connected,,,compute-030,be-gpu6-port0,server,be-plane-a-leaf-07,E1/15/2,leaf
56,41066,connected,,,compute-030,be-gpu6-port1,server,be-plane-b-leaf-07,E1/15/2,leaf
56,41067,connected,,,compute-030,be-gpu7-port0,server,be-plane-a-leaf-08,E1/15/2,leaf
56,41068,connected,,,compute-030,be-gpu7-port1,server,be-plane-b-leaf-08,E1/15/2,leaf
56,41069,connected,,,compute-030,bmc-bmc0,server,conv-mgmt-leaf-02,E1/40,leaf
56,41070,connected,,,compute-030,fe-bf3-0-p0,server,fe-leaf-01,E1/15/2,leaf
56,41071,connected,,,compute-030,fe-bf3-1-p0,server,fe-leaf-02,E1/15/2,leaf
56,41072,connected,,,compute-030,storage-bf3-0-p0,server,storage-leaf-01,E1/15/2,leaf
56,41073,connected,,,compute-030,storage-bf3-1-p0,server,storage-leaf-02,E1/15/2,leaf
56,41074,connected,,,compute-030,x550-port0,server,conv-mgmt-leaf-02,E1/41,leaf
56,41075,connected,,,compute-030,x550-port1,server,conv-mgmt-leaf-02,E1/42,leaf
56,41076,connected,,,compute-031,be-gpu0-port0,server,be-plane-a-leaf-01,E1/16/1,leaf
56,41077,connected,,,compute-031,be-gpu0-port1,server,be-plane-b-leaf-01,E1/16/1,leaf
56,41078,connected,,,compute-031,be-gpu1-port0,server,be-plane-a-leaf-02,E1/16/1,leaf
56,41079,connected,,,compute-031,be-gpu1-port1,server,be-plane-b-leaf-02,E1/16/1,leaf
56,41080,connected,,,compute-031,be-gpu2-port0,server,be-plane-a-leaf-03,E1/16/1,leaf
56,41081,connected,,,compute-031,be-gpu2-port1,server,be-plane-b-leaf-03,E1/16/1,leaf
56,41082,connected,,,compute-031,be-gpu3-port0,server,be-plane-a-leaf-04,E1/16/1,leaf
56,41083,connected,,,compute-031,be-gpu3-port1,server,be-plane-b-leaf-04,E1/16/1,leaf
56,41084,connected,,,compute-031,be-gpu4-port0,server,be-plane-a-leaf-05,E1/16/1,leaf
56,41085,connected,,,compute-031,be-gpu4-port1,server,be-plane-b-leaf-05,E1/16/1,leaf
56,41086,connected,,,compute-031,be-gpu5-port0,server,be-plane-a-leaf-06,E1/16/1,leaf
56,41087,connected,,,compute-031,be-gpu5-port1,server,be-plane-b-leaf-06,E1/16/1,leaf
56,41088,connected,,,compute-031,be-gpu6-port0,server,be-plane-a-leaf-07,E1/16/1,leaf
56,41089,connected,,,compute-031,be-gpu6-port1,server,be-plane-b-leaf-07,E1/16/1,leaf
56,41090,connected,,,compute-031,be-gpu7-port0,server,be-plane-a-leaf-08,E1/16/1,leaf
56,41091,connected,,,compute-031,be-gpu7-port1,server,be-plane-b-leaf-08,E1/16/1,leaf
56,41092,connected,,,compute-031,bmc-bmc0,server,conv-mgmt-leaf-02,E1/43,leaf
56,41093,connected,,,compute-031,fe-bf3-0-p0,server,fe-leaf-01,E1/16/1,leaf
56,41094,connected,,,compute-031,fe-bf3-1-p0,server,fe-leaf-02,E1/16/1,leaf
56,41095,connected,,,compute-031,storage-bf3-0-p0,server,storage-leaf-01,E1/16/1,leaf
56,41096,connected,,,compute-031,storage-bf3-1-p0,server,storage-leaf-02,E1/16/1,leaf
56,41097,connected,,,compute-031,x550-port0,server,conv-mgmt-leaf-02,E1/44,leaf
56,41098,connected,,,compute-031,x550-port1,server,conv-mgmt-leaf-02,E1/45,leaf
56,41099,connected,,,compute-032,be-gpu0-port0,server,be-plane-a-leaf-01,E1/16/2,leaf
56,41100,connected,,,compute-032,be-gpu0-port1,server,be-plane-b-leaf-01,E1/16/2,leaf
56,41101,connected,,,compute-032,be-gpu1-port0,server,be-plane-a-leaf-02,E1/16/2,leaf
56,41102,connected,,,compute-032,be-gpu1-port1,server,be-plane-b-leaf-02,E1/16/2,leaf
56,41103,connected,,,compute-032,be-gpu2-port0,server,be-plane-a-leaf-03,E1/16/2,leaf
56,41104,connected,,,compute-032,be-gpu2-port1,server,be-plane-b-leaf-03,E1/16/2,leaf
56,41105,connected,,,compute-032,be-gpu3-port0,server,be-plane-a-leaf-04,E1/16/2,leaf
56,41106,connected,,,compute-032,be-gpu3-port1,server,be-plane-b-leaf-04,E1/16/2,leaf
56,41107,connected,,,compute-032,be-gpu4-port0,server,be-plane-a-leaf-05,E1/16/2,leaf
56,41108,connected,,,compute-032,be-gpu4-port1,server,be-plane-b-leaf-05,E1/16/2,leaf
56,41109,connected,,,compute-032,be-gpu5-port0,server,be-plane-a-leaf-06,E1/16/2,leaf
56,41110,connected,,,compute-032,be-gpu5-port1,server,be-plane-b-leaf-06,E1/16/2,leaf
56,41111,connected,,,compute-032,be-gpu6-port0,server,be-plane-a-leaf-07,E1/16/2,leaf
56,41112,connected,,,compute-032,be-gpu6-port1,server,be-plane-b-leaf-07,E1/16/2,leaf
56,41113,connected,,,compute-032,be-gpu7-port0,server,be-plane-a-leaf-08,E1/16/2,leaf
56,41114,connected,,,compute-032,be-gpu7-port1,server,be-plane-b-leaf-08,E1/16/2,leaf
56,41115,connected,,,compute-032,bmc-bmc0,server,conv-mgmt-leaf-02,E1/46,leaf
56,41116,connected,,,compute-032,fe-bf3-0-p0,server,fe-leaf-01,E1/16/2,leaf
56,41117,connected,,,compute-032,fe-bf3-1-p0,server,fe-leaf-02,E1/16/2,leaf
56,41118,connected,,,compute-032,storage-bf3-0-p0,server,storage-leaf-01,E1/16/2,leaf
56,41119,connected,,,compute-032,storage-bf3-1-p0,server,storage-leaf-02,E1/16/2,leaf
56,41120,connected,,,compute-032,x550-port0,server,conv-mgmt-leaf-02,E1/47,leaf
56,41121,connected,,,compute-032,x550-port1,server,conv-mgmt-leaf-02,E1/48,leaf
56,41122,connected,,,compute-033,be-gpu0-port0,server,be-plane-a-leaf-01,E1/17/1,leaf
56,41123,connected,,,compute-033,be-gpu0-port1,server,be-plane-b-leaf-01,E1/17/1,leaf
56,41124,connected,,,compute-033,be-gpu1-port0,server,be-plane-a-leaf-02,E1/17/1,leaf
56,41125,connected,,,compute-033,be-gpu1-port1,server,be-plane-b-leaf-02,E1/17/1,leaf
56,41126,connected,,,compute-033,be-gpu2-port0,server,be-plane-a-leaf-03,E1/17/1,leaf
56,41127,connected,,,compute-033,be-gpu2-port1,server,be-plane-b-leaf-03,E1/17/1,leaf
56,41128,connected,,,compute-033,be-gpu3-port0,server,be-plane-a-leaf-04,E1/17/1,leaf
56,41129,connected,,,compute-033,be-gpu3-port1,server,be-plane-b-leaf-04,E1/17/1,leaf
56,41130,connected,,,compute-033,be-gpu4-port0,server,be-plane-a-leaf-05,E1/17/1,leaf
56,41131,connected,,,compute-033,be-gpu4-port1,server,be-plane-b-leaf-05,E1/17/1,leaf
56,41132,connected,,,compute-033,be-gpu5-port0,server,be-plane-a-leaf-06,E1/17/1,leaf
56,41133,connected,,,compute-033,be-gpu5-port1,server,be-plane-b-leaf-06,E1/17/1,leaf
56,41134,connected,,,compute-033,be-gpu6-port0,server,be-plane-a-leaf-07,E1/17/1,leaf
56,41135,connected,,,compute-033,be-gpu6-port1,server,be-plane-b-leaf-07,E1/17/1,leaf
56,41136,connected,,,compute-033,be-gpu7-port0,server,be-plane-a-leaf-08,E1/17/1,leaf
56,41137,connected,,,compute-033,be-gpu7-port1,server,be-plane-b-leaf-08,E1/17/1,leaf
56,41138,connected,,,compute-033,bmc-bmc0,server,conv-mgmt-leaf-03,E1/1,leaf
56,41139,connected,,,compute-033,fe-bf3-0-p0,server,fe-leaf-01,E1/17/1,leaf
56,41140,connected,,,compute-033,fe-bf3-1-p0,server,fe-leaf-02,E1/17/1,leaf
56,41141,connected,,,compute-033,storage-bf3-0-p0,server,storage-leaf-01,E1/17/1,leaf
56,41142,connected,,,compute-033,storage-bf3-1-p0,server,storage-leaf-02,E1/17/1,leaf
56,41143,connected,,,compute-033,x550-port0,server,conv-mgmt-leaf-03,E1/2,leaf
56,41144,connected,,,compute-033,x550-port1,server,conv-mgmt-leaf-03,E1/3,leaf
56,41145,connected,,,compute-034,be-gpu0-port0,server,be-plane-a-leaf-01,E1/17/2,leaf
56,41146,connected,,,compute-034,be-gpu0-port1,server,be-plane-b-leaf-01,E1/17/2,leaf
56,41147,connected,,,compute-034,be-gpu1-port0,server,be-plane-a-leaf-02,E1/17/2,leaf
56,41148,connected,,,compute-034,be-gpu1-port1,server,be-plane-b-leaf-02,E1/17/2,leaf
56,41149,connected,,,compute-034,be-gpu2-port0,server,be-plane-a-leaf-03,E1/17/2,leaf
56,41150,connected,,,compute-034,be-gpu2-port1,server,be-plane-b-leaf-03,E1/17/2,leaf
56,41151,connected,,,compute-034,be-gpu3-port0,server,be-plane-a-leaf-04,E1/17/2,leaf
56,41152,connected,,,compute-034,be-gpu3-port1,server,be-plane-b-leaf-04,E1/17/2,leaf
56,41153,connected,,,compute-034,be-gpu4-port0,server,be-plane-a-leaf-05,E1/17/2,leaf
56,41154,connected,,,compute-034,be-gpu4-port1,server,be-plane-b-leaf-05,E1/17/2,leaf
56,41155,connected,,,compute-034,be-gpu5-port0,server,be-plane-a-leaf-06,E1/17/2,leaf
56,41156,connected,,,compute-034,be-gpu5-port1,server,be-plane-b-leaf-06,E1/17/2,leaf
56,41157,connected,,,compute-034,be-gpu6-port0,server,be-plane-a-leaf-07,E1/17/2,leaf
56,41158,connected,,,compute-034,be-gpu6-port1,server,be-plane-b-leaf-07,E1/17/2,leaf
56,41159,connected,,,compute-034,be-gpu7-port0,server,be-plane-a-leaf-08,E1/17/2,leaf
56,41160,connected,,,compute-034,be-gpu7-port1,server,be-plane-b-leaf-08,E1/17/2,leaf
56,41161,connected,,,compute-034,bmc-bmc0,server,conv-mgmt-leaf-03,E1/4,leaf
56,41162,connected,,,compute-034,fe-bf3-0-p0,server,fe-leaf-01,E1/17/2,leaf
56,41163,connected,,,compute-034,fe-bf3-1-p0,server,fe-leaf-02,E1/17/2,leaf
56,41164,connected,,,compute-034,storage-bf3-0-p0,server,storage-leaf-01,E1/17/2,leaf
56,41165,connected,,,compute-034,storage-bf3-1-p0,server,storage-leaf-02,E1/17/2,leaf
56,41166,connected,,,compute-034,x550-port0,server,conv-mgmt-leaf-03,E1/5,leaf
56,41167,connected,,,compute-034,x550-port1,server,conv-mgmt-leaf-03,E1/6,leaf
56,41168,connected,,,compute-035,be-gpu0-port0,server,be-plane-a-leaf-01,E1/18/1,leaf
56,41169,connected,,,compute-035,be-gpu0-port1,server,be-plane-b-leaf-01,E1/18/1,leaf
56,41170,connected,,,compute-035,be-gpu1-port0,server,be-plane-a-leaf-02,E1/18/1,leaf
56,41171,connected,,,compute-035,be-gpu1-port1,server,be-plane-b-leaf-02,E1/18/1,leaf
56,41172,connected,,,compute-035,be-gpu2-port0,server,be-plane-a-leaf-03,E1/18/1,leaf
56,41173,connected,,,compute-035,be-gpu2-port1,server,be-plane-b-leaf-03,E1/18/1,leaf
56,41174,connected,,,compute-035,be-gpu3-port0,server,be-plane-a-leaf-04,E1/18/1,leaf
56,41175,connected,,,compute-035,be-gpu3-port1,server,be-plane-b-leaf-04,E1/18/1,leaf
56,41176,connected,,,compute-035,be-gpu4-port0,server,be-plane-a-leaf-05,E1/18/1,leaf
56,41177,connected,,,compute-035,be-gpu4-port1,server,be-plane-b-leaf-05,E1/18/1,leaf
56,41178,connected,,,compute-035,be-gpu5-port0,server,be-plane-a-leaf-06,E1/18/1,leaf
56,41179,connected,,,compute-035,be-gpu5-port1,server,be-plane-b-leaf-06,E1/18/1,leaf
56,41180,connected,,,compute-035,be-gpu6-port0,server,be-plane-a-leaf-07,E1/18/1,leaf
56,41181,connected,,,compute-035,be-gpu6-port1,server,be-plane-b-leaf-07,E1/18/1,leaf
56,41182,connected,,,compute-035,be-gpu7-port0,server,be-plane-a-leaf-08,E1/18/1,leaf
56,41183,connected,,,compute-035,be-gpu7-port1,server,be-plane-b-leaf-08,E1/18/1,leaf
56,41184,connected,,,compute-035,bmc-bmc0,server,conv-mgmt-leaf-03,E1/7,leaf
56,41185,connected,,,compute-035,fe-bf3-0-p0,server,fe-leaf-01,E1/18/1,leaf
56,41186,connected,,,compute-035,fe-bf3-1-p0,server,fe-leaf-02,E1/18/1,leaf
56,41187,connected,,,compute-035,storage-bf3-0-p0,server,storage-leaf-01,E1/18/1,leaf
56,41188,connected,,,compute-035,storage-bf3-1-p0,server,storage-leaf-02,E1/18/1,leaf
56,41189,connected,,,compute-035,x550-port0,server,conv-mgmt-leaf-03,E1/8,leaf
56,41190,connected,,,compute-035,x550-port1,server,conv-mgmt-leaf-03,E1/9,leaf
56,41191,connected,,,compute-036,be-gpu0-port0,server,be-plane-a-leaf-01,E1/18/2,leaf
56,41192,connected,,,compute-036,be-gpu0-port1,server,be-plane-b-leaf-01,E1/18/2,leaf
56,41193,connected,,,compute-036,be-gpu1-port0,server,be-plane-a-leaf-02,E1/18/2,leaf
56,41194,connected,,,compute-036,be-gpu1-port1,server,be-plane-b-leaf-02,E1/18/2,leaf
56,41195,connected,,,compute-036,be-gpu2-port0,server,be-plane-a-leaf-03,E1/18/2,leaf
56,41196,connected,,,compute-036,be-gpu2-port1,server,be-plane-b-leaf-03,E1/18/2,leaf
56,41197,connected,,,compute-036,be-gpu3-port0,server,be-plane-a-leaf-04,E1/18/2,leaf
56,41198,connected,,,compute-036,be-gpu3-port1,server,be-plane-b-leaf-04,E1/18/2,leaf
56,41199,connected,,,compute-036,be-gpu4-port0,server,be-plane-a-leaf-05,E1/18/2,leaf
56,41200,connected,,,compute-036,be-gpu4-port1,server,be-plane-b-leaf-05,E1/18/2,leaf
56,41201,connected,,,compute-036,be-gpu5-port0,server,be-plane-a-leaf-06,E1/18/2,leaf
56,41202,connected,,,compute-036,be-gpu5-port1,server,be-plane-b-leaf-06,E1/18/2,leaf
56,41203,connected,,,compute-036,be-gpu6-port0,server,be-plane-a-leaf-07,E1/18/2,leaf
56,41204,connected,,,compute-036,be-gpu6-port1,server,be-plane-b-leaf-07,E1/18/2,leaf
56,41205,connected,,,compute-036,be-gpu7-port0,server,be-plane-a-leaf-08,E1/18/2,leaf
56,41206,connected,,,compute-036,be-gpu7-port1,server,be-plane-b-leaf-08,E1/18/2,leaf
56,41207,connected,,,compute-036,bmc-bmc0,server,conv-mgmt-leaf-03,E1/10,leaf
56,41208,connected,,,compute-036,fe-bf3-0-p0,server,fe-leaf-01,E1/18/2,leaf
56,41209,connected,,,compute-036,fe-bf3-1-p0,server,fe-leaf-02,E1/18/2,leaf
56,41210,connected,,,compute-036,storage-bf3-0-p0,server,storage-leaf-01,E1/18/2,leaf
56,41211,connected,,,compute-036,storage-bf3-1-p0,server,storage-leaf-02,E1/18/2,leaf
56,41212,connected,,,compute-036,x550-port0,server,conv-mgmt-leaf-03,E1/11,leaf
56,41213,connected,,,compute-036,x550-port1,server,conv-mgmt-leaf-03,E1/12,leaf
56,41214,connected,,,compute-037,be-gpu0-port0,server,be-plane-a-leaf-01,E1/19/1,leaf
56,41215,connected,,,compute-037,be-gpu0-port1,server,be-plane-b-leaf-01,E1/19/1,leaf
56,41216,connected,,,compute-037,be-gpu1-port0,server,be-plane-a-leaf-02,E1/19/1,leaf
56,41217,connected,,,compute-037,be-gpu1-port1,server,be-plane-b-leaf-02,E1/19/1,leaf
56,41218,connected,,,compute-037,be-gpu2-port0,server,be-plane-a-leaf-03,E1/19/1,leaf
56,41219,connected,,,compute-037,be-gpu2-port1,server,be-plane-b-leaf-03,E1/19/1,leaf
56,41220,connected,,,compute-037,be-gpu3-port0,server,be-plane-a-leaf-04,E1/19/1,leaf
56,41221,connected,,,compute-037,be-gpu3-port1,server,be-plane-b-leaf-04,E1/19/1,leaf
56,41222,connected,,,compute-037,be-gpu4-port0,server,be-plane-a-leaf-05,E1/19/1,leaf
56,41223,connected,,,compute-037,be-gpu4-port1,server,be-plane-b-leaf-05,E1/19/1,leaf
56,41224,connected,,,compute-037,be-gpu5-port0,server,be-plane-a-leaf-06,E1/19/1,leaf
56,41225,connected,,,compute-037,be-gpu5-port1,server,be-plane-b-leaf-06,E1/19/1,leaf
56,41226,connected,,,compute-037,be-gpu6-port0,server,be-plane-a-leaf-07,E1/19/1,leaf
56,41227,connected,,,compute-037,be-gpu6-port1,server,be-plane-b-leaf-07,E1/19/1,leaf
56,41228,connected,,,compute-037,be-gpu7-port0,server,be-plane-a-leaf-08,E1/19/1,leaf
56,41229,connected,,,compute-037,be-gpu7-port1,server,be-plane-b-leaf-08,E1/19/1,leaf
56,41230,connected,,,compute-037,bmc-bmc0,server,conv-mgmt-leaf-03,E1/13,leaf
56,41231,connected,,,compute-037,fe-bf3-0-p0,server,fe-leaf-01,E1/19/1,leaf
56,41232,connected,,,compute-037,fe-bf3-1-p0,server,fe-leaf-02,E1/19/1,leaf
56,41233,connected,,,compute-037,storage-bf3-0-p0,server,storage-leaf-01,E1/19/1,leaf
56,41234,connected,,,compute-037,storage-bf3-1-p0,server,storage-leaf-02,E1/19/1,leaf
56,41235,connected,,,compute-037,x550-port0,server,conv-mgmt-leaf-03,E1/14,leaf
56,41236,connected,,,compute-037,x550-port1,server,conv-mgmt-leaf-03,E1/15,leaf
56,41237,connected,,,compute-038,be-gpu0-port0,server,be-plane-a-leaf-01,E1/19/2,leaf
56,41238,connected,,,compute-038,be-gpu0-port1,server,be-plane-b-leaf-01,E1/19/2,leaf
56,41239,connected,,,compute-038,be-gpu1-port0,server,be-plane-a-leaf-02,E1/19/2,leaf
56,41240,connected,,,compute-038,be-gpu1-port1,server,be-plane-b-leaf-02,E1/19/2,leaf
56,41241,connected,,,compute-038,be-gpu2-port0,server,be-plane-a-leaf-03,E1/19/2,leaf
56,41242,connected,,,compute-038,be-gpu2-port1,server,be-plane-b-leaf-03,E1/19/2,leaf
56,41243,connected,,,compute-038,be-gpu3-port0,server,be-plane-a-leaf-04,E1/19/2,leaf
56,41244,connected,,,compute-038,be-gpu3-port1,server,be-plane-b-leaf-04,E1/19/2,leaf
56,41245,connected,,,compute-038,be-gpu4-port0,server,be-plane-a-leaf-05,E1/19/2,leaf
56,41246,connected,,,compute-038,be-gpu4-port1,server,be-plane-b-leaf-05,E1/19/2,leaf
56,41247,connected,,,compute-038,be-gpu5-port0,server,be-plane-a-leaf-06,E1/19/2,leaf
56,41248,connected,,,compute-038,be-gpu5-port1,server,be-plane-b-leaf-06,E1/19/2,leaf
56,41249,connected,,,compute-038,be-gpu6-port0,server,be-plane-a-leaf-07,E1/19/2,leaf
56,41250,connected,,,compute-038,be-gpu6-port1,server,be-plane-b-leaf-07,E1/19/2,leaf
56,41251,connected,,,compute-038,be-gpu7-port0,server,be-plane-a-leaf-08,E1/19/2,leaf
56,41252,connected,,,compute-038,be-gpu7-port1,server,be-plane-b-leaf-08,E1/19/2,leaf
56,41253,connected,,,compute-038,bmc-bmc0,server,conv-mgmt-leaf-03,E1/16,leaf
56,41254,connected,,,compute-038,fe-bf3-0-p0,server,fe-leaf-01,E1/19/2,leaf
56,41255,connected,,,compute-038,fe-bf3-1-p0,server,fe-leaf-02,E1/19/2,leaf
56,41256,connected,,,compute-038,storage-bf3-0-p0,server,storage-leaf-01,E1/19/2,leaf
56,41257,connected,,,compute-038,storage-bf3-1-p0,server,storage-leaf-02,E1/19/2,leaf
56,41258,connected,,,compute-038,x550-port0,server,conv-mgmt-leaf-03,E1/17,leaf
56,41259,connected,,,compute-038,x550-port1,server,conv-mgmt-leaf-03,E1/18,leaf
56,41260,connected,,,compute-039,be-gpu0-port0,server,be-plane-a-leaf-01,E1/20/1,leaf
56,41261,connected,,,compute-039,be-gpu0-port1,server,be-plane-b-leaf-01,E1/20/1,leaf
56,41262,connected,,,compute-039,be-gpu1-port0,server,be-plane-a-leaf-02,E1/20/1,leaf
56,41263,connected,,,compute-039,be-gpu1-port1,server,be-plane-b-leaf-02,E1/20/1,leaf
56,41264,connected,,,compute-039,be-gpu2-port0,server,be-plane-a-leaf-03,E1/20/1,leaf
56,41265,connected,,,compute-039,be-gpu2-port1,server,be-plane-b-leaf-03,E1/20/1,leaf
56,41266,connected,,,compute-039,be-gpu3-port0,server,be-plane-a-leaf-04,E1/20/1,leaf
56,41267,connected,,,compute-039,be-gpu3-port1,server,be-plane-b-leaf-04,E1/20/1,leaf
56,41268,connected,,,compute-039,be-gpu4-port0,server,be-plane-a-leaf-05,E1/20/1,leaf
56,41269,connected,,,compute-039,be-gpu4-port1,server,be-plane-b-leaf-05,E1/20/1,leaf
56,41270,connected,,,compute-039,be-gpu5-port0,server,be-plane-a-leaf-06,E1/20/1,leaf
56,41271,connected,,,compute-039,be-gpu5-port1,server,be-plane-b-leaf-06,E1/20/1,leaf
56,41272,connected,,,compute-039,be-gpu6-port0,server,be-plane-a-leaf-07,E1/20/1,leaf
56,41273,connected,,,compute-039,be-gpu6-port1,server,be-plane-b-leaf-07,E1/20/1,leaf
56,41274,connected,,,compute-039,be-gpu7-port0,server,be-plane-a-leaf-08,E1/20/1,leaf
56,41275,connected,,,compute-039,be-gpu7-port1,server,be-plane-b-leaf-08,E1/20/1,leaf
56,41276,connected,,,compute-039,bmc-bmc0,server,conv-mgmt-leaf-03,E1/19,leaf
56,41277,connected,,,compute-039,fe-bf3-0-p0,server,fe-leaf-01,E1/20/1,leaf
56,41278,connected,,,compute-039,fe-bf3-1-p0,server,fe-leaf-02,E1/20/1,leaf
56,41279,connected,,,compute-039,storage-bf3-0-p0,server,storage-leaf-01,E1/20/1,leaf
56,41280,connected,,,compute-039,storage-bf3-1-p0,server,storage-leaf-02,E1/20/1,leaf
56,41281,connected,,,compute-039,x550-port0,server,conv-mgmt-leaf-03,E1/20,leaf
56,41282,connected,,,compute-039,x550-port1,server,conv-mgmt-leaf-03,E1/21,leaf
56,41283,connected,,,compute-040,be-gpu0-port0,server,be-plane-a-leaf-01,E1/20/2,leaf
56,41284,connected,,,compute-040,be-gpu0-port1,server,be-plane-b-leaf-01,E1/20/2,leaf
56,41285,connected,,,compute-040,be-gpu1-port0,server,be-plane-a-leaf-02,E1/20/2,leaf
56,41286,connected,,,compute-040,be-gpu1-port1,server,be-plane-b-leaf-02,E1/20/2,leaf
56,41287,connected,,,compute-040,be-gpu2-port0,server,be-plane-a-leaf-03,E1/20/2,leaf
56,41288,connected,,,compute-040,be-gpu2-port1,server,be-plane-b-leaf-03,E1/20/2,leaf
56,41289,connected,,,compute-040,be-gpu3-port0,server,be-plane-a-leaf-04,E1/20/2,leaf
56,41290,connected,,,compute-040,be-gpu3-port1,server,be-plane-b-leaf-04,E1/20/2,leaf
56,41291,connected,,,compute-040,be-gpu4-port0,server,be-plane-a-leaf-05,E1/20/2,leaf
56,41292,connected,,,compute-040,be-gpu4-port1,server,be-plane-b-leaf-05,E1/20/2,leaf
56,41293,connected,,,compute-040,be-gpu5-port0,server,be-plane-a-leaf-06,E1/20/2,leaf
56,41294,connected,,,compute-040,be-gpu5-port1,server,be-plane-b-leaf-06,E1/20/2,leaf
56,41295,connected,,,compute-040,be-gpu6-port0,server,be-plane-a-leaf-07,E1/20/2,leaf
56,41296,connected,,,compute-040,be-gpu6-port1,server,be-plane-b-leaf-07,E1/20/2,leaf
56,41297,connected,,,compute-040,be-gpu7-port0,server,be-plane-a-leaf-08,E1/20/2,leaf
56,41298,connected,,,compute-040,be-gpu7-port1,server,be-plane-b-leaf-08,E1/20/2,leaf
56,41299,connected,,,compute-040,bmc-bmc0,server,conv-mgmt-leaf-03,E1/22,leaf
56,41300,connected,,,compute-040,fe-bf3-0-p0,server,fe-leaf-01,E1/20/2,leaf
56,41301,connected,,,compute-040,fe-bf3-1-p0,server,fe-leaf-02,E1/20/2,leaf
56,41302,connected,,,compute-040,storage-bf3-0-p0,server,storage-leaf-01,E1/20/2,leaf
56,41303,connected,,,compute-040,storage-bf3-1-p0,server,storage-leaf-02,E1/20/2,leaf
56,41304,connected,,,compute-040,x550-port0,server,conv-mgmt-leaf-03,E1/23,leaf
56,41305,connected,,,compute-040,x550-port1,server,conv-mgmt-leaf-03,E1/24,leaf
56,41306,connected,,,compute-041,be-gpu0-port0,server,be-plane-a-leaf-01,E1/21/1,leaf
56,41307,connected,,,compute-041,be-gpu0-port1,server,be-plane-b-leaf-01,E1/21/1,leaf
56,41308,connected,,,compute-041,be-gpu1-port0,server,be-plane-a-leaf-02,E1/21/1,leaf
56,41309,connected,,,compute-041,be-gpu1-port1,server,be-plane-b-leaf-02,E1/21/1,leaf
56,41310,connected,,,compute-041,be-gpu2-port0,server,be-plane-a-leaf-03,E1/21/1,leaf
56,41311,connected,,,compute-041,be-gpu2-port1,server,be-plane-b-leaf-03,E1/21/1,leaf
56,41312,connected,,,compute-041,be-gpu3-port0,server,be-plane-a-leaf-04,E1/21/1,leaf
56,41313,connected,,,compute-041,be-gpu3-port1,server,be-plane-b-leaf-04,E1/21/1,leaf
56,41314,connected,,,compute-041,be-gpu4-port0,server,be-plane-a-leaf-05,E1/21/1,leaf
56,41315,connected,,,compute-041,be-gpu4-port1,server,be-plane-b-leaf-05,E1/21/1,leaf
56,41316,connected,,,compute-041,be-gpu5-port0,server,be-plane-a-leaf-06,E1/21/1,leaf
56,41317,connected,,,compute-041,be-gpu5-port1,server,be-plane-b-leaf-06,E1/21/1,leaf
56,41318,connected,,,compute-041,be-gpu6-port0,server,be-plane-a-leaf-07,E1/21/1,leaf
56,41319,connected,,,compute-041,be-gpu6-port1,server,be-plane-b-leaf-07,E1/21/1,leaf
56,41320,connected,,,compute-041,be-gpu7-port0,server,be-plane-a-leaf-08,E1/21/1,leaf
56,41321,connected,,,compute-041,be-gpu7-port1,server,be-plane-b-leaf-08,E1/21/1,leaf
56,41322,connected,,,compute-041,bmc-bmc0,server,conv-mgmt-leaf-03,E1/25,leaf
56,41323,connected,,,compute-041,fe-bf3-0-p0,server,fe-leaf-01,E1/21/1,leaf
56,41324,connected,,,compute-041,fe-bf3-1-p0,server,fe-leaf-02,E1/21/1,leaf
56,41325,connected,,,compute-041,storage-bf3-0-p0,server,storage-leaf-01,E1/21/1,leaf
56,41326,connected,,,compute-041,storage-bf3-1-p0,server,storage-leaf-02,E1/21/1,leaf
56,41327,connected,,,compute-041,x550-port0,server,conv-mgmt-leaf-03,E1/26,leaf
56,41328,connected,,,compute-041,x550-port1,server,conv-mgmt-leaf-03,E1/27,leaf
56,41329,connected,,,compute-042,be-gpu0-port0,server,be-plane-a-leaf-01,E1/21/2,leaf
56,41330,connected,,,compute-042,be-gpu0-port1,server,be-plane-b-leaf-01,E1/21/2,leaf
56,41331,connected,,,compute-042,be-gpu1-port0,server,be-plane-a-leaf-02,E1/21/2,leaf
56,41332,connected,,,compute-042,be-gpu1-port1,server,be-plane-b-leaf-02,E1/21/2,leaf
56,41333,connected,,,compute-042,be-gpu2-port0,server,be-plane-a-leaf-03,E1/21/2,leaf
56,41334,connected,,,compute-042,be-gpu2-port1,server,be-plane-b-leaf-03,E1/21/2,leaf
56,41335,connected,,,compute-042,be-gpu3-port0,server,be-plane-a-leaf-04,E1/21/2,leaf
56,41336,connected,,,compute-042,be-gpu3-port1,server,be-plane-b-leaf-04,E1/21/2,leaf
56,41337,connected,,,compute-042,be-gpu4-port0,server,be-plane-a-leaf-05,E1/21/2,leaf
56,41338,connected,,,compute-042,be-gpu4-port1,server,be-plane-b-leaf-05,E1/21/2,leaf
56,41339,connected,,,compute-042,be-gpu5-port0,server,be-plane-a-leaf-06,E1/21/2,leaf
56,41340,connected,,,compute-042,be-gpu5-port1,server,be-plane-b-leaf-06,E1/21/2,leaf
56,41341,connected,,,compute-042,be-gpu6-port0,server,be-plane-a-leaf-07,E1/21/2,leaf
56,41342,connected,,,compute-042,be-gpu6-port1,server,be-plane-b-leaf-07,E1/21/2,leaf
56,41343,connected,,,compute-042,be-gpu7-port0,server,be-plane-a-leaf-08,E1/21/2,leaf
56,41344,connected,,,compute-042,be-gpu7-port1,server,be-plane-b-leaf-08,E1/21/2,leaf
56,41345,connected,,,compute-042,bmc-bmc0,server,conv-mgmt-leaf-03,E1/28,leaf
56,41346,connected,,,compute-042,fe-bf3-0-p0,server,fe-leaf-01,E1/21/2,leaf
56,41347,connected,,,compute-042,fe-bf3-1-p0,server,fe-leaf-02,E1/21/2,leaf
56,41348,connected,,,compute-042,storage-bf3-0-p0,server,storage-leaf-01,E1/21/2,leaf
56,41349,connected,,,compute-042,storage-bf3-1-p0,server,storage-leaf-02,E1/21/2,leaf
56,41350,connected,,,compute-042,x550-port0,server,conv-mgmt-leaf-03,E1/29,leaf
56,41351,connected,,,compute-042,x550-port1,server,conv-mgmt-leaf-03,E1/30,leaf
56,41352,connected,,,compute-043,be-gpu0-port0,server,be-plane-a-leaf-01,E1/22/1,leaf
56,41353,connected,,,compute-043,be-gpu0-port1,server,be-plane-b-leaf-01,E1/22/1,leaf
56,41354,connected,,,compute-043,be-gpu1-port0,server,be-plane-a-leaf-02,E1/22/1,leaf
56,41355,connected,,,compute-043,be-gpu1-port1,server,be-plane-b-leaf-02,E1/22/1,leaf
56,41356,connected,,,compute-043,be-gpu2-port0,server,be-plane-a-leaf-03,E1/22/1,leaf
56,41357,connected,,,compute-043,be-gpu2-port1,server,be-plane-b-leaf-03,E1/22/1,leaf
56,41358,connected,,,compute-043,be-gpu3-port0,server,be-plane-a-leaf-04,E1/22/1,leaf
56,41359,connected,,,compute-043,be-gpu3-port1,server,be-plane-b-leaf-04,E1/22/1,leaf
56,41360,connected,,,compute-043,be-gpu4-port0,server,be-plane-a-leaf-05,E1/22/1,leaf
56,41361,connected,,,compute-043,be-gpu4-port1,server,be-plane-b-leaf-05,E1/22/1,leaf
56,41362,connected,,,compute-043,be-gpu5-port0,server,be-plane-a-leaf-06,E1/22/1,leaf
56,41363,connected,,,compute-043,be-gpu5-port1,server,be-plane-b-leaf-06,E1/22/1,leaf
56,41364,connected,,,compute-043,be-gpu6-port0,server,be-plane-a-leaf-07,E1/22/1,leaf
56,41365,connected,,,compute-043,be-gpu6-port1,server,be-plane-b-leaf-07,E1/22/1,leaf
56,41366,connected,,,compute-043,be-gpu7-port0,server,be-plane-a-leaf-08,E1/22/1,leaf
56,41367,connected,,,compute-043,be-gpu7-port1,server,be-plane-b-leaf-08,E1/22/1,leaf
56,41368,connected,,,compute-043,bmc-bmc0,server,conv-mgmt-leaf-03,E1/31,leaf
56,41369,connected,,,compute-043,fe-bf3-0-p0,server,fe-leaf-01,E1/22/1,leaf
56,41370,connected,,,compute-043,fe-bf3-1-p0,server,fe-leaf-02,E1/22/1,leaf
56,41371,connected,,,compute-043,storage-bf3-0-p0,server,storage-leaf-01,E1/22/1,leaf
56,41372,connected,,,compute-043,storage-bf3-1-p0,server,storage-leaf-02,E1/22/1,leaf
56,41373,connected,,,compute-043,x550-port0,server,conv-mgmt-leaf-03,E1/32,leaf
56,41374,connected,,,compute-043,x550-port1,server,conv-mgmt-leaf-03,E1/33,leaf
56,41375,connected,,,compute-044,be-gpu0-port0,server,be-plane-a-leaf-01,E1/22/2,leaf
56,41376,connected,,,compute-044,be-gpu0-port1,server,be-plane-b-leaf-01,E1/22/2,leaf
56,41377,connected,,,compute-044,be-gpu1-port0,server,be-plane-a-leaf-02,E1/22/2,leaf
56,41378,connected,,,compute-044,be-gpu1-port1,server,be-plane-b-leaf-02,E1/22/2,leaf
56,41379,connected,,,compute-044,be-gpu2-port0,server,be-plane-a-leaf-03,E1/22/2,leaf
56,41380,connected,,,compute-044,be-gpu2-port1,server,be-plane-b-leaf-03,E1/22/2,leaf
56,41381,connected,,,compute-044,be-gpu3-port0,server,be-plane-a-leaf-04,E1/22/2,leaf
56,41382,connected,,,compute-044,be-gpu3-port1,server,be-plane-b-leaf-04,E1/22/2,leaf
56,41383,connected,,,compute-044,be-gpu4-port0,server,be-plane-a-leaf-05,E1/22/2,leaf
56,41384,connected,,,compute-044,be-gpu4-port1,server,be-plane-b-leaf-05,E1/22/2,leaf
56,41385,connected,,,compute-044,be-gpu5-port0,server,be-plane-a-leaf-06,E1/22/2,leaf
56,41386,connected,,,compute-044,be-gpu5-port1,server,be-plane-b-leaf-06,E1/22/2,leaf
56,41387,connected,,,compute-044,be-gpu6-port0,server,be-plane-a-leaf-07,E1/22/2,leaf
56,41388,connected,,,compute-044,be-gpu6-port1,server,be-plane-b-leaf-07,E1/22/2,leaf
56,41389,connected,,,compute-044,be-gpu7-port0,server,be-plane-a-leaf-08,E1/22/2,leaf
56,41390,connected,,,compute-044,be-gpu7-port1,server,be-plane-b-leaf-08,E1/22/2,leaf
56,41391,connected,,,compute-044,bmc-bmc0,server,conv-mgmt-leaf-03,E1/34,leaf
56,41392,connected,,,compute-044,fe-bf3-0-p0,server,fe-leaf-01,E1/22/2,leaf
56,41393,connected,,,compute-044,fe-bf3-1-p0,server,fe-leaf-02,E1/22/2,leaf
56,41394,connected,,,compute-044,storage-bf3-0-p0,server,storage-leaf-01,E1/22/2,leaf
56,41395,connected,,,compute-044,storage-bf3-1-p0,server,storage-leaf-02,E1/22/2,leaf
56,41396,connected,,,compute-044,x550-port0,server,conv-mgmt-leaf-03,E1/35,leaf
56,41397,connected,,,compute-044,x550-port1,server,conv-mgmt-leaf-03,E1/36,leaf
56,41398,connected,,,compute-045,be-gpu0-port0,server,be-plane-a-leaf-01,E1/23/1,leaf
56,41399,connected,,,compute-045,be-gpu0-port1,server,be-plane-b-leaf-01,E1/23/1,leaf
56,41400,connected,,,compute-045,be-gpu1-port0,server,be-plane-a-leaf-02,E1/23/1,leaf
56,41401,connected,,,compute-045,be-gpu1-port1,server,be-plane-b-leaf-02,E1/23/1,leaf
56,41402,connected,,,compute-045,be-gpu2-port0,server,be-plane-a-leaf-03,E1/23/1,leaf
56,41403,connected,,,compute-045,be-gpu2-port1,server,be-plane-b-leaf-03,E1/23/1,leaf
56,41404,connected,,,compute-045,be-gpu3-port0,server,be-plane-a-leaf-04,E1/23/1,leaf
56,41405,connected,,,compute-045,be-gpu3-port1,server,be-plane-b-leaf-04,E1/23/1,leaf
56,41406,connected,,,compute-045,be-gpu4-port0,server,be-plane-a-leaf-05,E1/23/1,leaf
56,41407,connected,,,compute-045,be-gpu4-port1,server,be-plane-b-leaf-05,E1/23/1,leaf
56,41408,connected,,,compute-045,be-gpu5-port0,server,be-plane-a-leaf-06,E1/23/1,leaf
56,41409,connected,,,compute-045,be-gpu5-port1,server,be-plane-b-leaf-06,E1/23/1,leaf
56,41410,connected,,,compute-045,be-gpu6-port0,server,be-plane-a-leaf-07,E1/23/1,leaf
56,41411,connected,,,compute-045,be-gpu6-port1,server,be-plane-b-leaf-07,E1/23/1,leaf
56,41412,connected,,,compute-045,be-gpu7-port0,server,be-plane-a-leaf-08,E1/23/1,leaf
56,41413,connected,,,compute-045,be-gpu7-port1,server,be-plane-b-leaf-08,E1/23/1,leaf
56,41414,connected,,,compute-045,bmc-bmc0,server,conv-mgmt-leaf-03,E1/37,leaf
56,41415,connected,,,compute-045,fe-bf3-0-p0,server,fe-leaf-01,E1/23/1,leaf
56,41416,connected,,,compute-045,fe-bf3-1-p0,server,fe-leaf-02,E1/23/1,leaf
56,41417,connected,,,compute-045,storage-bf3-0-p0,server,storage-leaf-01,E1/23/1,leaf
56,41418,connected,,,compute-045,storage-bf3-1-p0,server,storage-leaf-02,E1/23/1,leaf
56,41419,connected,,,compute-045,x550-port0,server,conv-mgmt-leaf-03,E1/38,leaf
56,41420,connected,,,compute-045,x550-port1,server,conv-mgmt-leaf-03,E1/39,leaf
56,41421,connected,,,compute-046,be-gpu0-port0,server,be-plane-a-leaf-01,E1/23/2,leaf
56,41422,connected,,,compute-046,be-gpu0-port1,server,be-plane-b-leaf-01,E1/23/2,leaf
56,41423,connected,,,compute-046,be-gpu1-port0,server,be-plane-a-leaf-02,E1/23/2,leaf
56,41424,connected,,,compute-046,be-gpu1-port1,server,be-plane-b-leaf-02,E1/23/2,leaf
56,41425,connected,,,compute-046,be-gpu2-port0,server,be-plane-a-leaf-03,E1/23/2,leaf
56,41426,connected,,,compute-046,be-gpu2-port1,server,be-plane-b-leaf-03,E1/23/2,leaf
56,41427,connected,,,compute-046,be-gpu3-port0,server,be-plane-a-leaf-04,E1/23/2,leaf
56,41428,connected,,,compute-046,be-gpu3-port1,server,be-plane-b-leaf-04,E1/23/2,leaf
56,41429,connected,,,compute-046,be-gpu4-port0,server,be-plane-a-leaf-05,E1/23/2,leaf
56,41430,connected,,,compute-046,be-gpu4-port1,server,be-plane-b-leaf-05,E1/23/2,leaf
56,41431,connected,,,compute-046,be-gpu5-port0,server,be-plane-a-leaf-06,E1/23/2,leaf
56,41432,connected,,,compute-046,be-gpu5-port1,server,be-plane-b-leaf-06,E1/23/2,leaf
56,41433,connected,,,compute-046,be-gpu6-port0,server,be-plane-a-leaf-07,E1/23/2,leaf
56,41434,connected,,,compute-046,be-gpu6-port1,server,be-plane-b-leaf-07,E1/23/2,leaf
56,41435,connected,,,compute-046,be-gpu7-port0,server,be-plane-a-leaf-08,E1/23/2,leaf
56,41436,connected,,,compute-046,be-gpu7-port1,server,be-plane-b-leaf-08,E1/23/2,leaf
56,41437,connected,,,compute-046,bmc-bmc0,server,conv-mgmt-leaf-03,E1/40,leaf
56,41438,connected,,,compute-046,fe-bf3-0-p0,server,fe-leaf-01,E1/23/2,leaf
56,41439,connected,,,compute-046,fe-bf3-1-p0,server,fe-leaf-02,E1/23/2,leaf
56,41440,connected,,,compute-046,storage-bf3-0-p0,server,storage-leaf-01,E1/23/2,leaf
56,41441,connected,,,compute-046,storage-bf3-1-p0,server,storage-leaf-02,E1/23/2,leaf
56,41442,connected,,,compute-046,x550-port0,server,conv-mgmt-leaf-03,E1/41,leaf
56,41443,connected,,,compute-046,x550-port1,server,conv-mgmt-leaf-03,E1/42,leaf
56,41444,connected,,,compute-047,be-gpu0-port0,server,be-plane-a-leaf-01,E1/24/1,leaf
56,41445,connected,,,compute-047,be-gpu0-port1,server,be-plane-b-leaf-01,E1/24/1,leaf
56,41446,connected,,,compute-047,be-gpu1-port0,server,be-plane-a-leaf-02,E1/24/1,leaf
56,41447,connected,,,compute-047,be-gpu1-port1,server,be-plane-b-leaf-02,E1/24/1,leaf
56,41448,connected,,,compute-047,be-gpu2-port0,server,be-plane-a-leaf-03,E1/24/1,leaf
56,41449,connected,,,compute-047,be-gpu2-port1,server,be-plane-b-leaf-03,E1/24/1,leaf
56,41450,connected,,,compute-047,be-gpu3-port0,server,be-plane-a-leaf-04,E1/24/1,leaf
56,41451,connected,,,compute-047,be-gpu3-port1,server,be-plane-b-leaf-04,E1/24/1,leaf
56,41452,connected,,,compute-047,be-gpu4-port0,server,be-plane-a-leaf-05,E1/24/1,leaf
56,41453,connected,,,compute-047,be-gpu4-port1,server,be-plane-b-leaf-05,E1/24/1,leaf
56,41454,connected,,,compute-047,be-gpu5-port0,server,be-plane-a-leaf-06,E1/24/1,leaf
56,41455,connected,,,compute-047,be-gpu5-port1,server,be-plane-b-leaf-06,E1/24/1,leaf
56,41456,connected,,,compute-047,be-gpu6-port0,server,be-plane-a-leaf-07,E1/24/1,leaf
56,41457,connected,,,compute-047,be-gpu6-port1,server,be-plane-b-leaf-07,E1/24/1,leaf
56,41458,connected,,,compute-047,be-gpu7-port0,server,be-plane-a-leaf-08,E1/24/1,leaf
56,41459,connected,,,compute-047,be-gpu7-port1,server,be-plane-b-leaf-08,E1/24/1,leaf
56,41460,connected,,,compute-047,bmc-bmc0,server,conv-mgmt-leaf-03,E1/43,leaf
56,41461,connected,,,compute-047,fe-bf3-0-p0,server,fe-leaf-01,E1/24/1,leaf
56,41462,connected,,,compute-047,fe-bf3-1-p0,server,fe-leaf-02,E1/24/1,leaf
56,41463,connected,,,compute-047,storage-bf3-0-p0,server,storage-leaf-01,E1/24/1,leaf
56,41464,connected,,,compute-047,storage-bf3-1-p0,server,storage-leaf-02,E1/24/1,leaf
56,41465,connected,,,compute-047,x550-port0,server,conv-mgmt-leaf-03,E1/44,leaf
56,41466,connected,,,compute-047,x550-port1,server,conv-mgmt-leaf-03,E1/45,leaf
56,41467,connected,,,compute-048,be-gpu0-port0,server,be-plane-a-leaf-01,E1/24/2,leaf
56,41468,connected,,,compute-048,be-gpu0-port1,server,be-plane-b-leaf-01,E1/24/2,leaf
56,41469,connected,,,compute-048,be-gpu1-port0,server,be-plane-a-leaf-02,E1/24/2,leaf
56,41470,connected,,,compute-048,be-gpu1-port1,server,be-plane-b-leaf-02,E1/24/2,leaf
56,41471,connected,,,compute-048,be-gpu2-port0,server,be-plane-a-leaf-03,E1/24/2,leaf
56,41472,connected,,,compute-048,be-gpu2-port1,server,be-plane-b-leaf-03,E1/24/2,leaf
56,41473,connected,,,compute-048,be-gpu3-port0,server,be-plane-a-leaf-04,E1/24/2,leaf
56,41474,connected,,,compute-048,be-gpu3-port1,server,be-plane-b-leaf-04,E1/24/2,leaf
56,41475,connected,,,compute-048,be-gpu4-port0,server,be-plane-a-leaf-05,E1/24/2,leaf
56,41476,connected,,,compute-048,be-gpu4-port1,server,be-plane-b-leaf-05,E1/24/2,leaf
56,41477,connected,,,compute-048,be-gpu5-port0,server,be-plane-a-leaf-06,E1/24/2,leaf
56,41478,connected,,,compute-048,be-gpu5-port1,server,be-plane-b-leaf-06,E1/24/2,leaf
56,41479,connected,,,compute-048,be-gpu6-port0,server,be-plane-a-leaf-07,E1/24/2,leaf
56,41480,connected,,,compute-048,be-gpu6-port1,server,be-plane-b-leaf-07,E1/24/2,leaf
56,41481,connected,,,compute-048,be-gpu7-port0,server,be-plane-a-leaf-08,E1/24/2,leaf
56,41482,connected,,,compute-048,be-gpu7-port1,server,be-plane-b-leaf-08,E1/24/2,leaf
56,41483,connected,,,compute-048,bmc-bmc0,server,conv-mgmt-leaf-03,E1/46,leaf
56,41484,connected,,,compute-048,fe-bf3-0-p0,server,fe-leaf-01,E1/24/2,leaf
56,41485,connected,,,compute-048,fe-bf3-1-p0,server,fe-leaf-02,E1/24/2,leaf
56,41486,connected,,,compute-048,storage-bf3-0-p0,server,storage-leaf-01,E1/24/2,leaf
56,41487,connected,,,compute-048,storage-bf3-1-p0,server,storage-leaf-02,E1/24/2,leaf
56,41488,connected,,,compute-048,x550-port0,server,conv-mgmt-leaf-03,E1/47,leaf
56,41489,connected,,,compute-048,x550-port1,server,conv-mgmt-leaf-03,E1/48,leaf
56,41490,connected,,,compute-049,be-gpu0-port0,server,be-plane-a-leaf-01,E1/25/1,leaf
56,41491,connected,,,compute-049,be-gpu0-port1,server,be-plane-b-leaf-01,E1/25/1,leaf
56,41492,connected,,,compute-049,be-gpu1-port0,server,be-plane-a-leaf-02,E1/25/1,leaf
56,41493,connected,,,compute-049,be-gpu1-port1,server,be-plane-b-leaf-02,E1/25/1,leaf
56,41494,connected,,,compute-049,be-gpu2-port0,server,be-plane-a-leaf-03,E1/25/1,leaf
56,41495,connected,,,compute-049,be-gpu2-port1,server,be-plane-b-leaf-03,E1/25/1,leaf
56,41496,connected,,,compute-049,be-gpu3-port0,server,be-plane-a-leaf-04,E1/25/1,leaf
56,41497,connected,,,compute-049,be-gpu3-port1,server,be-plane-b-leaf-04,E1/25/1,leaf
56,41498,connected,,,compute-049,be-gpu4-port0,server,be-plane-a-leaf-05,E1/25/1,leaf
56,41499,connected,,,compute-049,be-gpu4-port1,server,be-plane-b-leaf-05,E1/25/1,leaf
56,41500,connected,,,compute-049,be-gpu5-port0,server,be-plane-a-leaf-06,E1/25/1,leaf
56,41501,connected,,,compute-049,be-gpu5-port1,server,be-plane-b-leaf-06,E1/25/1,leaf
56,41502,connected,,,compute-049,be-gpu6-port0,server,be-plane-a-leaf-07,E1/25/1,leaf
56,41503,connected,,,compute-049,be-gpu6-port1,server,be-plane-b-leaf-07,E1/25/1,leaf
56,41504,connected,,,compute-049,be-gpu7-port0,server,be-plane-a-leaf-08,E1/25/1,leaf
56,41505,connected,,,compute-049,be-gpu7-port1,server,be-plane-b-leaf-08,E1/25/1,leaf
56,41506,connected,,,compute-049,bmc-bmc0,server,conv-mgmt-leaf-04,E1/1,leaf
56,41507,connected,,,compute-049,fe-bf3-0-p0,server,fe-leaf-01,E1/25/1,leaf
56,41508,connected,,,compute-049,fe-bf3-1-p0,server,fe-leaf-02,E1/25/1,leaf
56,41509,connected,,,compute-049,storage-bf3-0-p0,server,storage-leaf-01,E1/25/1,leaf
56,41510,connected,,,compute-049,storage-bf3-1-p0,server,storage-leaf-02,E1/25/1,leaf
56,41511,connected,,,compute-049,x550-port0,server,conv-mgmt-leaf-04,E1/2,leaf
56,41512,connected,,,compute-049,x550-port1,server,conv-mgmt-leaf-04,E1/3,leaf
56,41513,connected,,,compute-050,be-gpu0-port0,server,be-plane-a-leaf-01,E1/25/2,leaf
56,41514,connected,,,compute-050,be-gpu0-port1,server,be-plane-b-leaf-01,E1/25/2,leaf
56,41515,connected,,,compute-050,be-gpu1-port0,server,be-plane-a-leaf-02,E1/25/2,leaf
56,41516,connected,,,compute-050,be-gpu1-port1,server,be-plane-b-leaf-02,E1/25/2,leaf
56,41517,connected,,,compute-050,be-gpu2-port0,server,be-plane-a-leaf-03,E1/25/2,leaf
56,41518,connected,,,compute-050,be-gpu2-port1,server,be-plane-b-leaf-03,E1/25/2,leaf
56,41519,connected,,,compute-050,be-gpu3-port0,server,be-plane-a-leaf-04,E1/25/2,leaf
56,41520,connected,,,compute-050,be-gpu3-port1,server,be-plane-b-leaf-04,E1/25/2,leaf
56,41521,connected,,,compute-050,be-gpu4-port0,server,be-plane-a-leaf-05,E1/25/2,leaf
56,41522,connected,,,compute-050,be-gpu4-port1,server,be-plane-b-leaf-05,E1/25/2,leaf
56,41523,connected,,,compute-050,be-gpu5-port0,server,be-plane-a-leaf-06,E1/25/2,leaf
56,41524,connected,,,compute-050,be-gpu5-port1,server,be-plane-b-leaf-06,E1/25/2,leaf
56,41525,connected,,,compute-050,be-gpu6-port0,server,be-plane-a-leaf-07,E1/25/2,leaf
56,41526,connected,,,compute-050,be-gpu6-port1,server,be-plane-b-leaf-07,E1/25/2,leaf
56,41527,connected,,,compute-050,be-gpu7-port0,server,be-plane-a-leaf-08,E1/25/2,leaf
56,41528,connected,,,compute-050,be-gpu7-port1,server,be-plane-b-leaf-08,E1/25/2,leaf
56,41529,connected,,,compute-050,bmc-bmc0,server,conv-mgmt-leaf-04,E1/4,leaf
56,41530,connected,,,compute-050,fe-bf3-0-p0,server,fe-leaf-01,E1/25/2,leaf
56,41531,connected,,,compute-050,fe-bf3-1-p0,server,fe-leaf-02,E1/25/2,leaf
56,41532,connected,,,compute-050,storage-bf3-0-p0,server,storage-leaf-01,E1/25/2,leaf
56,41533,connected,,,compute-050,storage-bf3-1-p0,server,storage-leaf-02,E1/25/2,leaf
56,41534,connected,,,compute-050,x550-port0,server,conv-mgmt-leaf-04,E1/5,leaf
56,41535,connected,,,compute-050,x550-port1,server,conv-mgmt-leaf-04,E1/6,leaf
56,41536,connected,,,compute-051,be-gpu0-port0,server,be-plane-a-leaf-01,E1/26/1,leaf
56,41537,connected,,,compute-051,be-gpu0-port1,server,be-plane-b-leaf-01,E1/26/1,leaf
56,41538,connected,,,compute-051,be-gpu1-port0,server,be-plane-a-leaf-02,E1/26/1,leaf
56,41539,connected,,,compute-051,be-gpu1-port1,server,be-plane-b-leaf-02,E1/26/1,leaf
56,41540,connected,,,compute-051,be-gpu2-port0,server,be-plane-a-leaf-03,E1/26/1,leaf
56,41541,connected,,,compute-051,be-gpu2-port1,server,be-plane-b-leaf-03,E1/26/1,leaf
56,41542,connected,,,compute-051,be-gpu3-port0,server,be-plane-a-leaf-04,E1/26/1,leaf
56,41543,connected,,,compute-051,be-gpu3-port1,server,be-plane-b-leaf-04,E1/26/1,leaf
56,41544,connected,,,compute-051,be-gpu4-port0,server,be-plane-a-leaf-05,E1/26/1,leaf
56,41545,connected,,,compute-051,be-gpu4-port1,server,be-plane-b-leaf-05,E1/26/1,leaf
56,41546,connected,,,compute-051,be-gpu5-port0,server,be-plane-a-leaf-06,E1/26/1,leaf
56,41547,connected,,,compute-051,be-gpu5-port1,server,be-plane-b-leaf-06,E1/26/1,leaf
56,41548,connected,,,compute-051,be-gpu6-port0,server,be-plane-a-leaf-07,E1/26/1,leaf
56,41549,connected,,,compute-051,be-gpu6-port1,server,be-plane-b-leaf-07,E1/26/1,leaf
56,41550,connected,,,compute-051,be-gpu7-port0,server,be-plane-a-leaf-08,E1/26/1,leaf
56,41551,connected,,,compute-051,be-gpu7-port1,server,be-plane-b-leaf-08,E1/26/1,leaf
56,41552,connected,,,compute-051,bmc-bmc0,server,conv-mgmt-leaf-04,E1/7,leaf
56,41553,connected,,,compute-051,fe-bf3-0-p0,server,fe-leaf-01,E1/26/1,leaf
56,41554,connected,,,compute-051,fe-bf3-1-p0,server,fe-leaf-02,E1/26/1,leaf
56,41555,connected,,,compute-051,storage-bf3-0-p0,server,storage-leaf-01,E1/26/1,leaf
56,41556,connected,,,compute-051,storage-bf3-1-p0,server,storage-leaf-02,E1/26/1,leaf
56,41557,connected,,,compute-051,x550-port0,server,conv-mgmt-leaf-04,E1/8,leaf
56,41558,connected,,,compute-051,x550-port1,server,conv-mgmt-leaf-04,E1/9,leaf
56,41559,connected,,,compute-052,be-gpu0-port0,server,be-plane-a-leaf-01,E1/26/2,leaf
56,41560,connected,,,compute-052,be-gpu0-port1,server,be-plane-b-leaf-01,E1/26/2,leaf
56,41561,connected,,,compute-052,be-gpu1-port0,server,be-plane-a-leaf-02,E1/26/2,leaf
56,41562,connected,,,compute-052,be-gpu1-port1,server,be-plane-b-leaf-02,E1/26/2,leaf
56,41563,connected,,,compute-052,be-gpu2-port0,server,be-plane-a-leaf-03,E1/26/2,leaf
56,41564,connected,,,compute-052,be-gpu2-port1,server,be-plane-b-leaf-03,E1/26/2,leaf
56,41565,connected,,,compute-052,be-gpu3-port0,server,be-plane-a-leaf-04,E1/26/2,leaf
56,41566,connected,,,compute-052,be-gpu3-port1,server,be-plane-b-leaf-04,E1/26/2,leaf
56,41567,connected,,,compute-052,be-gpu4-port0,server,be-plane-a-leaf-05,E1/26/2,leaf
56,41568,connected,,,compute-052,be-gpu4-port1,server,be-plane-b-leaf-05,E1/26/2,leaf
56,41569,connected,,,compute-052,be-gpu5-port0,server,be-plane-a-leaf-06,E1/26/2,leaf
56,41570,connected,,,compute-052,be-gpu5-port1,server,be-plane-b-leaf-06,E1/26/2,leaf
56,41571,connected,,,compute-052,be-gpu6-port0,server,be-plane-a-leaf-07,E1/26/2,leaf
56,41572,connected,,,compute-052,be-gpu6-port1,server,be-plane-b-leaf-07,E1/26/2,leaf
56,41573,connected,,,compute-052,be-gpu7-port0,server,be-plane-a-leaf-08,E1/26/2,leaf
56,41574,connected,,,compute-052,be-gpu7-port1,server,be-plane-b-leaf-08,E1/26/2,leaf
56,41575,connected,,,compute-052,bmc-bmc0,server,conv-mgmt-leaf-04,E1/10,leaf
56,41576,connected,,,compute-052,fe-bf3-0-p0,server,fe-leaf-01,E1/26/2,leaf
56,41577,connected,,,compute-052,fe-bf3-1-p0,server,fe-leaf-02,E1/26/2,leaf
56,41578,connected,,,compute-052,storage-bf3-0-p0,server,storage-leaf-01,E1/26/2,leaf
56,41579,connected,,,compute-052,storage-bf3-1-p0,server,storage-leaf-02,E1/26/2,leaf
56,41580,connected,,,compute-052,x550-port0,server,conv-mgmt-leaf-04,E1/11,leaf
56,41581,connected,,,compute-052,x550-port1,server,conv-mgmt-leaf-04,E1/12,leaf
56,41582,connected,,,compute-053,be-gpu0-port0,server,be-plane-a-leaf-01,E1/27/1,leaf
56,41583,connected,,,compute-053,be-gpu0-port1,server,be-plane-b-leaf-01,E1/27/1,leaf
56,41584,connected,,,compute-053,be-gpu1-port0,server,be-plane-a-leaf-02,E1/27/1,leaf
56,41585,connected,,,compute-053,be-gpu1-port1,server,be-plane-b-leaf-02,E1/27/1,leaf
56,41586,connected,,,compute-053,be-gpu2-port0,server,be-plane-a-leaf-03,E1/27/1,leaf
56,41587,connected,,,compute-053,be-gpu2-port1,server,be-plane-b-leaf-03,E1/27/1,leaf
56,41588,connected,,,compute-053,be-gpu3-port0,server,be-plane-a-leaf-04,E1/27/1,leaf
56,41589,connected,,,compute-053,be-gpu3-port1,server,be-plane-b-leaf-04,E1/27/1,leaf
56,41590,connected,,,compute-053,be-gpu4-port0,server,be-plane-a-leaf-05,E1/27/1,leaf
56,41591,connected,,,compute-053,be-gpu4-port1,server,be-plane-b-leaf-05,E1/27/1,leaf
56,41592,connected,,,compute-053,be-gpu5-port0,server,be-plane-a-leaf-06,E1/27/1,leaf
56,41593,connected,,,compute-053,be-gpu5-port1,server,be-plane-b-leaf-06,E1/27/1,leaf
56,41594,connected,,,compute-053,be-gpu6-port0,server,be-plane-a-leaf-07,E1/27/1,leaf
56,41595,connected,,,compute-053,be-gpu6-port1,server,be-plane-b-leaf-07,E1/27/1,leaf
56,41596,connected,,,compute-053,be-gpu7-port0,server,be-plane-a-leaf-08,E1/27/1,leaf
56,41597,connected,,,compute-053,be-gpu7-port1,server,be-plane-b-leaf-08,E1/27/1,leaf
56,41598,connected,,,compute-053,bmc-bmc0,server,conv-mgmt-leaf-04,E1/13,leaf
56,41599,connected,,,compute-053,fe-bf3-0-p0,server,fe-leaf-01,E1/27/1,leaf
56,41600,connected,,,compute-053,fe-bf3-1-p0,server,fe-leaf-02,E1/27/1,leaf
56,41601,connected,,,compute-053,storage-bf3-0-p0,server,storage-leaf-01,E1/27/1,leaf
56,41602,connected,,,compute-053,storage-bf3-1-p0,server,storage-leaf-02,E1/27/1,leaf
56,41603,connected,,,compute-053,x550-port0,server,conv-mgmt-leaf-04,E1/14,leaf
56,41604,connected,,,compute-053,x550-port1,server,conv-mgmt-leaf-04,E1/15,leaf
56,41605,connected,,,compute-054,be-gpu0-port0,server,be-plane-a-leaf-01,E1/27/2,leaf
56,41606,connected,,,compute-054,be-gpu0-port1,server,be-plane-b-leaf-01,E1/27/2,leaf
56,41607,connected,,,compute-054,be-gpu1-port0,server,be-plane-a-leaf-02,E1/27/2,leaf
56,41608,connected,,,compute-054,be-gpu1-port1,server,be-plane-b-leaf-02,E1/27/2,leaf
56,41609,connected,,,compute-054,be-gpu2-port0,server,be-plane-a-leaf-03,E1/27/2,leaf
56,41610,connected,,,compute-054,be-gpu2-port1,server,be-plane-b-leaf-03,E1/27/2,leaf
56,41611,connected,,,compute-054,be-gpu3-port0,server,be-plane-a-leaf-04,E1/27/2,leaf
56,41612,connected,,,compute-054,be-gpu3-port1,server,be-plane-b-leaf-04,E1/27/2,leaf
56,41613,connected,,,compute-054,be-gpu4-port0,server,be-plane-a-leaf-05,E1/27/2,leaf
56,41614,connected,,,compute-054,be-gpu4-port1,server,be-plane-b-leaf-05,E1/27/2,leaf
56,41615,connected,,,compute-054,be-gpu5-port0,server,be-plane-a-leaf-06,E1/27/2,leaf
56,41616,connected,,,compute-054,be-gpu5-port1,server,be-plane-b-leaf-06,E1/27/2,leaf
56,41617,connected,,,compute-054,be-gpu6-port0,server,be-plane-a-leaf-07,E1/27/2,leaf
56,41618,connected,,,compute-054,be-gpu6-port1,server,be-plane-b-leaf-07,E1/27/2,leaf
56,41619,connected,,,compute-054,be-gpu7-port0,server,be-plane-a-leaf-08,E1/27/2,leaf
56,41620,connected,,,compute-054,be-gpu7-port1,server,be-plane-b-leaf-08,E1/27/2,leaf
56,41621,connected,,,compute-054,bmc-bmc0,server,conv-mgmt-leaf-04,E1/16,leaf
56,41622,connected,,,compute-054,fe-bf3-0-p0,server,fe-leaf-01,E1/27/2,leaf
56,41623,connected,,,compute-054,fe-bf3-1-p0,server,fe-leaf-02,E1/27/2,leaf
56,41624,connected,,,compute-054,storage-bf3-0-p0,server,storage-leaf-01,E1/27/2,leaf
56,41625,connected,,,compute-054,storage-bf3-1-p0,server,storage-leaf-02,E1/27/2,leaf
56,41626,connected,,,compute-054,x550-port0,server,conv-mgmt-leaf-04,E1/17,leaf
56,41627,connected,,,compute-054,x550-port1,server,conv-mgmt-leaf-04,E1/18,leaf
56,41628,connected,,,compute-055,be-gpu0-port0,server,be-plane-a-leaf-01,E1/28/1,leaf
56,41629,connected,,,compute-055,be-gpu0-port1,server,be-plane-b-leaf-01,E1/28/1,leaf
56,41630,connected,,,compute-055,be-gpu1-port0,server,be-plane-a-leaf-02,E1/28/1,leaf
56,41631,connected,,,compute-055,be-gpu1-port1,server,be-plane-b-leaf-02,E1/28/1,leaf
56,41632,connected,,,compute-055,be-gpu2-port0,server,be-plane-a-leaf-03,E1/28/1,leaf
56,41633,connected,,,compute-055,be-gpu2-port1,server,be-plane-b-leaf-03,E1/28/1,leaf
56,41634,connected,,,compute-055,be-gpu3-port0,server,be-plane-a-leaf-04,E1/28/1,leaf
56,41635,connected,,,compute-055,be-gpu3-port1,server,be-plane-b-leaf-04,E1/28/1,leaf
56,41636,connected,,,compute-055,be-gpu4-port0,server,be-plane-a-leaf-05,E1/28/1,leaf
56,41637,connected,,,compute-055,be-gpu4-port1,server,be-plane-b-leaf-05,E1/28/1,leaf
56,41638,connected,,,compute-055,be-gpu5-port0,server,be-plane-a-leaf-06,E1/28/1,leaf
56,41639,connected,,,compute-055,be-gpu5-port1,server,be-plane-b-leaf-06,E1/28/1,leaf
56,41640,connected,,,compute-055,be-gpu6-port0,server,be-plane-a-leaf-07,E1/28/1,leaf
56,41641,connected,,,compute-055,be-gpu6-port1,server,be-plane-b-leaf-07,E1/28/1,leaf
56,41642,connected,,,compute-055,be-gpu7-port0,server,be-plane-a-leaf-08,E1/28/1,leaf
56,41643,connected,,,compute-055,be-gpu7-port1,server,be-plane-b-leaf-08,E1/28/1,leaf
56,41644,connected,,,compute-055,bmc-bmc0,server,conv-mgmt-leaf-04,E1/19,leaf
56,41645,connected,,,compute-055,fe-bf3-0-p0,server,fe-leaf-01,E1/28/1,leaf
56,41646,connected,,,compute-055,fe-bf3-1-p0,server,fe-leaf-02,E1/28/1,leaf
56,41647,connected,,,compute-055,storage-bf3-0-p0,server,storage-leaf-01,E1/28/1,leaf
56,41648,connected,,,compute-055,storage-bf3-1-p0,server,storage-leaf-02,E1/28/1,leaf
56,41649,connected,,,compute-055,x550-port0,server,conv-mgmt-leaf-04,E1/20,leaf
56,41650,connected,,,compute-055,x550-port1,server,conv-mgmt-leaf-04,E1/21,leaf
56,41651,connected,,,compute-056,be-gpu0-port0,server,be-plane-a-leaf-01,E1/28/2,leaf
56,41652,connected,,,compute-056,be-gpu0-port1,server,be-plane-b-leaf-01,E1/28/2,leaf
56,41653,connected,,,compute-056,be-gpu1-port0,server,be-plane-a-leaf-02,E1/28/2,leaf
56,41654,connected,,,compute-056,be-gpu1-port1,server,be-plane-b-leaf-02,E1/28/2,leaf
56,41655,connected,,,compute-056,be-gpu2-port0,server,be-plane-a-leaf-03,E1/28/2,leaf
56,41656,connected,,,compute-056,be-gpu2-port1,server,be-plane-b-leaf-03,E1/28/2,leaf
56,41657,connected,,,compute-056,be-gpu3-port0,server,be-plane-a-leaf-04,E1/28/2,leaf
56,41658,connected,,,compute-056,be-gpu3-port1,server,be-plane-b-leaf-04,E1/28/2,leaf
56,41659,connected,,,compute-056,be-gpu4-port0,server,be-plane-a-leaf-05,E1/28/2,leaf
56,41660,connected,,,compute-056,be-gpu4-port1,server,be-plane-b-leaf-05,E1/28/2,leaf
56,41661,connected,,,compute-056,be-gpu5-port0,server,be-plane-a-leaf-06,E1/28/2,leaf
56,41662,connected,,,compute-056,be-gpu5-port1,server,be-plane-b-leaf-06,E1/28/2,leaf
56,41663,connected,,,compute-056,be-gpu6-port0,server,be-plane-a-leaf-07,E1/28/2,leaf
56,41664,connected,,,compute-056,be-gpu6-port1,server,be-plane-b-leaf-07,E1/28/2,leaf
56,41665,connected,,,compute-056,be-gpu7-port0,server,be-plane-a-leaf-08,E1/28/2,leaf
56,41666,connected,,,compute-056,be-gpu7-port1,server,be-plane-b-leaf-08,E1/28/2,leaf
56,41667,connected,,,compute-056,bmc-bmc0,server,conv-mgmt-leaf-04,E1/22,leaf
56,41668,connected,,,compute-056,fe-bf3-0-p0,server,fe-leaf-01,E1/28/2,leaf
56,41669,connected,,,compute-056,fe-bf3-1-p0,server,fe-leaf-02,E1/28/2,leaf
56,41670,connected,,,compute-056,storage-bf3-0-p0,server,storage-leaf-01,E1/28/2,leaf
56,41671,connected,,,compute-056,storage-bf3-1-p0,server,storage-leaf-02,E1/28/2,leaf
56,41672,connected,,,compute-056,x550-port0,server,conv-mgmt-leaf-04,E1/23,leaf
56,41673,connected,,,compute-056,x550-port1,server,conv-mgmt-leaf-04,E1/24,leaf
56,41674,connected,,,compute-057,be-gpu0-port0,server,be-plane-a-leaf-01,E1/29/1,leaf
56,41675,connected,,,compute-057,be-gpu0-port1,server,be-plane-b-leaf-01,E1/29/1,leaf
56,41676,connected,,,compute-057,be-gpu1-port0,server,be-plane-a-leaf-02,E1/29/1,leaf
56,41677,connected,,,compute-057,be-gpu1-port1,server,be-plane-b-leaf-02,E1/29/1,leaf
56,41678,connected,,,compute-057,be-gpu2-port0,server,be-plane-a-leaf-03,E1/29/1,leaf
56,41679,connected,,,compute-057,be-gpu2-port1,server,be-plane-b-leaf-03,E1/29/1,leaf
56,41680,connected,,,compute-057,be-gpu3-port0,server,be-plane-a-leaf-04,E1/29/1,leaf
56,41681,connected,,,compute-057,be-gpu3-port1,server,be-plane-b-leaf-04,E1/29/1,leaf
56,41682,connected,,,compute-057,be-gpu4-port0,server,be-plane-a-leaf-05,E1/29/1,leaf
56,41683,connected,,,compute-057,be-gpu4-port1,server,be-plane-b-leaf-05,E1/29/1,leaf
56,41684,connected,,,compute-057,be-gpu5-port0,server,be-plane-a-leaf-06,E1/29/1,leaf
56,41685,connected,,,compute-057,be-gpu5-port1,server,be-plane-b-leaf-06,E1/29/1,leaf
56,41686,connected,,,compute-057,be-gpu6-port0,server,be-plane-a-leaf-07,E1/29/1,leaf
56,41687,connected,,,compute-057,be-gpu6-port1,server,be-plane-b-leaf-07,E1/29/1,leaf
56,41688,connected,,,compute-057,be-gpu7-port0,server,be-plane-a-leaf-08,E1/29/1,leaf
56,41689,connected,,,compute-057,be-gpu7-port1,server,be-plane-b-leaf-08,E1/29/1,leaf
56,41690,connected,,,compute-057,bmc-bmc0,server,conv-mgmt-leaf-04,E1/25,leaf
56,41691,connected,,,compute-057,fe-bf3-0-p0,server,fe-leaf-01,E1/29/1,leaf
56,41692,connected,,,compute-057,fe-bf3-1-p0,server,fe-leaf-02,E1/29/1,leaf
56,41693,connected,,,compute-057,storage-bf3-0-p0,server,storage-leaf-01,E1/29/1,leaf
56,41694,connected,,,compute-057,storage-bf3-1-p0,server,storage-leaf-02,E1/29/1,leaf
56,41695,connected,,,compute-057,x550-port0,server,conv-mgmt-leaf-04,E1/26,leaf
56,41696,connected,,,compute-057,x550-port1,server,conv-mgmt-leaf-04,E1/27,leaf
56,41697,connected,,,compute-058,be-gpu0-port0,server,be-plane-a-leaf-01,E1/29/2,leaf
56,41698,connected,,,compute-058,be-gpu0-port1,server,be-plane-b-leaf-01,E1/29/2,leaf
56,41699,connected,,,compute-058,be-gpu1-port0,server,be-plane-a-leaf-02,E1/29/2,leaf
56,41700,connected,,,compute-058,be-gpu1-port1,server,be-plane-b-leaf-02,E1/29/2,leaf
56,41701,connected,,,compute-058,be-gpu2-port0,server,be-plane-a-leaf-03,E1/29/2,leaf
56,41702,connected,,,compute-058,be-gpu2-port1,server,be-plane-b-leaf-03,E1/29/2,leaf
56,41703,connected,,,compute-058,be-gpu3-port0,server,be-plane-a-leaf-04,E1/29/2,leaf
56,41704,connected,,,compute-058,be-gpu3-port1,server,be-plane-b-leaf-04,E1/29/2,leaf
56,41705,connected,,,compute-058,be-gpu4-port0,server,be-plane-a-leaf-05,E1/29/2,leaf
56,41706,connected,,,compute-058,be-gpu4-port1,server,be-plane-b-leaf-05,E1/29/2,leaf
56,41707,connected,,,compute-058,be-gpu5-port0,server,be-plane-a-leaf-06,E1/29/2,leaf
56,41708,connected,,,compute-058,be-gpu5-port1,server,be-plane-b-leaf-06,E1/29/2,leaf
56,41709,connected,,,compute-058,be-gpu6-port0,server,be-plane-a-leaf-07,E1/29/2,leaf
56,41710,connected,,,compute-058,be-gpu6-port1,server,be-plane-b-leaf-07,E1/29/2,leaf
56,41711,connected,,,compute-058,be-gpu7-port0,server,be-plane-a-leaf-08,E1/29/2,leaf
56,41712,connected,,,compute-058,be-gpu7-port1,server,be-plane-b-leaf-08,E1/29/2,leaf
56,41713,connected,,,compute-058,bmc-bmc0,server,conv-mgmt-leaf-04,E1/28,leaf
56,41714,connected,,,compute-058,fe-bf3-0-p0,server,fe-leaf-01,E1/29/2,leaf
56,41715,connected,,,compute-058,fe-bf3-1-p0,server,fe-leaf-02,E1/29/2,leaf
56,41716,connected,,,compute-058,storage-bf3-0-p0,server,storage-leaf-01,E1/29/2,leaf
56,41717,connected,,,compute-058,storage-bf3-1-p0,server,storage-leaf-02,E1/29/2,leaf
56,41718,connected,,,compute-058,x550-port0,server,conv-mgmt-leaf-04,E1/29,leaf
56,41719,connected,,,compute-058,x550-port1,server,conv-mgmt-leaf-04,E1/30,leaf
56,41720,connected,,,compute-059,be-gpu0-port0,server,be-plane-a-leaf-01,E1/30/1,leaf
56,41721,connected,,,compute-059,be-gpu0-port1,server,be-plane-b-leaf-01,E1/30/1,leaf
56,41722,connected,,,compute-059,be-gpu1-port0,server,be-plane-a-leaf-02,E1/30/1,leaf
56,41723,connected,,,compute-059,be-gpu1-port1,server,be-plane-b-leaf-02,E1/30/1,leaf
56,41724,connected,,,compute-059,be-gpu2-port0,server,be-plane-a-leaf-03,E1/30/1,leaf
56,41725,connected,,,compute-059,be-gpu2-port1,server,be-plane-b-leaf-03,E1/30/1,leaf
56,41726,connected,,,compute-059,be-gpu3-port0,server,be-plane-a-leaf-04,E1/30/1,leaf
56,41727,connected,,,compute-059,be-gpu3-port1,server,be-plane-b-leaf-04,E1/30/1,leaf
56,41728,connected,,,compute-059,be-gpu4-port0,server,be-plane-a-leaf-05,E1/30/1,leaf
56,41729,connected,,,compute-059,be-gpu4-port1,server,be-plane-b-leaf-05,E1/30/1,leaf
56,41730,connected,,,compute-059,be-gpu5-port0,server,be-plane-a-leaf-06,E1/30/1,leaf
56,41731,connected,,,compute-059,be-gpu5-port1,server,be-plane-b-leaf-06,E1/30/1,leaf
56,41732,connected,,,compute-059,be-gpu6-port0,server,be-plane-a-leaf-07,E1/30/1,leaf
56,41733,connected,,,compute-059,be-gpu6-port1,server,be-plane-b-leaf-07,E1/30/1,leaf
56,41734,connected,,,compute-059,be-gpu7-port0,server,be-plane-a-leaf-08,E1/30/1,leaf
56,41735,connected,,,compute-059,be-gpu7-port1,server,be-plane-b-leaf-08,E1/30/1,leaf
56,41736,connected,,,compute-059,bmc-bmc0,server,conv-mgmt-leaf-04,E1/31,leaf
56,41737,connected,,,compute-059,fe-bf3-0-p0,server,fe-leaf-01,E1/30/1,leaf
56,41738,connected,,,compute-059,fe-bf3-1-p0,server,fe-leaf-02,E1/30/1,leaf
56,41739,connected,,,compute-059,storage-bf3-0-p0,server,storage-leaf-01,E1/30/1,leaf
56,41740,connected,,,compute-059,storage-bf3-1-p0,server,storage-leaf-02,E1/30/1,leaf
56,41741,connected,,,compute-059,x550-port0,server,conv-mgmt-leaf-04,E1/32,leaf
56,41742,connected,,,compute-059,x550-port1,server,conv-mgmt-leaf-04,E1/33,leaf
56,41743,connected,,,compute-060,be-gpu0-port0,server,be-plane-a-leaf-01,E1/30/2,leaf
56,41744,connected,,,compute-060,be-gpu0-port1,server,be-plane-b-leaf-01,E1/30/2,leaf
56,41745,connected,,,compute-060,be-gpu1-port0,server,be-plane-a-leaf-02,E1/30/2,leaf
56,41746,connected,,,compute-060,be-gpu1-port1,server,be-plane-b-leaf-02,E1/30/2,leaf
56,41747,connected,,,compute-060,be-gpu2-port0,server,be-plane-a-leaf-03,E1/30/2,leaf
56,41748,connected,,,compute-060,be-gpu2-port1,server,be-plane-b-leaf-03,E1/30/2,leaf
56,41749,connected,,,compute-060,be-gpu3-port0,server,be-plane-a-leaf-04,E1/30/2,leaf
56,41750,connected,,,compute-060,be-gpu3-port1,server,be-plane-b-leaf-04,E1/30/2,leaf
56,41751,connected,,,compute-060,be-gpu4-port0,server,be-plane-a-leaf-05,E1/30/2,leaf
56,41752,connected,,,compute-060,be-gpu4-port1,server,be-plane-b-leaf-05,E1/30/2,leaf
56,41753,connected,,,compute-060,be-gpu5-port0,server,be-plane-a-leaf-06,E1/30/2,leaf
56,41754,connected,,,compute-060,be-gpu5-port1,server,be-plane-b-leaf-06,E1/30/2,leaf
56,41755,connected,,,compute-060,be-gpu6-port0,server,be-plane-a-leaf-07,E1/30/2,leaf
56,41756,connected,,,compute-060,be-gpu6-port1,server,be-plane-b-leaf-07,E1/30/2,leaf
56,41757,connected,,,compute-060,be-gpu7-port0,server,be-plane-a-leaf-08,E1/30/2,leaf
56,41758,connected,,,compute-060,be-gpu7-port1,server,be-plane-b-leaf-08,E1/30/2,leaf
56,41759,connected,,,compute-060,bmc-bmc0,server,conv-mgmt-leaf-04,E1/34,leaf
56,41760,connected,,,compute-060,fe-bf3-0-p0,server,fe-leaf-01,E1/30/2,leaf
56,41761,connected,,,compute-060,fe-bf3-1-p0,server,fe-leaf-02,E1/30/2,leaf
56,41762,connected,,,compute-060,storage-bf3-0-p0,server,storage-leaf-01,E1/30/2,leaf
56,41763,connected,,,compute-060,storage-bf3-1-p0,server,storage-leaf-02,E1/30/2,leaf
56,41764,connected,,,compute-060,x550-port0,server,conv-mgmt-leaf-04,E1/35,leaf
56,41765,connected,,,compute-060,x550-port1,server,conv-mgmt-leaf-04,E1/36,leaf
56,41766,connected,,,compute-061,be-gpu0-port0,server,be-plane-a-leaf-01,E1/31/1,leaf
56,41767,connected,,,compute-061,be-gpu0-port1,server,be-plane-b-leaf-01,E1/31/1,leaf
56,41768,connected,,,compute-061,be-gpu1-port0,server,be-plane-a-leaf-02,E1/31/1,leaf
56,41769,connected,,,compute-061,be-gpu1-port1,server,be-plane-b-leaf-02,E1/31/1,leaf
56,41770,connected,,,compute-061,be-gpu2-port0,server,be-plane-a-leaf-03,E1/31/1,leaf
56,41771,connected,,,compute-061,be-gpu2-port1,server,be-plane-b-leaf-03,E1/31/1,leaf
56,41772,connected,,,compute-061,be-gpu3-port0,server,be-plane-a-leaf-04,E1/31/1,leaf
56,41773,connected,,,compute-061,be-gpu3-port1,server,be-plane-b-leaf-04,E1/31/1,leaf
56,41774,connected,,,compute-061,be-gpu4-port0,server,be-plane-a-leaf-05,E1/31/1,leaf
56,41775,connected,,,compute-061,be-gpu4-port1,server,be-plane-b-leaf-05,E1/31/1,leaf
56,41776,connected,,,compute-061,be-gpu5-port0,server,be-plane-a-leaf-06,E1/31/1,leaf
56,41777,connected,,,compute-061,be-gpu5-port1,server,be-plane-b-leaf-06,E1/31/1,leaf
56,41778,connected,,,compute-061,be-gpu6-port0,server,be-plane-a-leaf-07,E1/31/1,leaf
56,41779,connected,,,compute-061,be-gpu6-port1,server,be-plane-b-leaf-07,E1/31/1,leaf
56,41780,connected,,,compute-061,be-gpu7-port0,server,be-plane-a-leaf-08,E1/31/1,leaf
56,41781,connected,,,compute-061,be-gpu7-port1,server,be-plane-b-leaf-08,E1/31/1,leaf
56,41782,connected,,,compute-061,bmc-bmc0,server,conv-mgmt-leaf-04,E1/37,leaf
56,41783,connected,,,compute-061,fe-bf3-0-p0,server,fe-leaf-01,E1/31/1,leaf
56,41784,connected,,,compute-061,fe-bf3-1-p0,server,fe-leaf-02,E1/31/1,leaf
56,41785,connected,,,compute-061,storage-bf3-0-p0,server,storage-leaf-01,E1/31/1,leaf
56,41786,connected,,,compute-061,storage-bf3-1-p0,server,storage-leaf-02,E1/31/1,leaf
56,41787,connected,,,compute-061,x550-port0,server,conv-mgmt-leaf-04,E1/38,leaf
56,41788,connected,,,compute-061,x550-port1,server,conv-mgmt-leaf-04,E1/39,leaf
56,41789,connected,,,compute-062,be-gpu0-port0,server,be-plane-a-leaf-01,E1/31/2,leaf
56,41790,connected,,,compute-062,be-gpu0-port1,server,be-plane-b-leaf-01,E1/31/2,leaf
56,41791,connected,,,compute-062,be-gpu1-port0,server,be-plane-a-leaf-02,E1/31/2,leaf
56,41792,connected,,,compute-062,be-gpu1-port1,server,be-plane-b-leaf-02,E1/31/2,leaf
56,41793,connected,,,compute-062,be-gpu2-port0,server,be-plane-a-leaf-03,E1/31/2,leaf
56,41794,connected,,,compute-062,be-gpu2-port1,server,be-plane-b-leaf-03,E1/31/2,leaf
56,41795,connected,,,compute-062,be-gpu3-port0,server,be-plane-a-leaf-04,E1/31/2,leaf
56,41796,connected,,,compute-062,be-gpu3-port1,server,be-plane-b-leaf-04,E1/31/2,leaf
56,41797,connected,,,compute-062,be-gpu4-port0,server,be-plane-a-leaf-05,E1/31/2,leaf
56,41798,connected,,,compute-062,be-gpu4-port1,server,be-plane-b-leaf-05,E1/31/2,leaf
56,41799,connected,,,compute-062,be-gpu5-port0,server,be-plane-a-leaf-06,E1/31/2,leaf
56,41800,connected,,,compute-062,be-gpu5-port1,server,be-plane-b-leaf-06,E1/31/2,leaf
56,41801,connected,,,compute-062,be-gpu6-port0,server,be-plane-a-leaf-07,E1/31/2,leaf
56,41802,connected,,,compute-062,be-gpu6-port1,server,be-plane-b-leaf-07,E1/31/2,leaf
56,41803,connected,,,compute-062,be-gpu7-port0,server,be-plane-a-leaf-08,E1/31/2,leaf
56,41804,connected,,,compute-062,be-gpu7-port1,server,be-plane-b-leaf-08,E1/31/2,leaf
56,41805,connected,,,compute-062,bmc-bmc0,server,conv-mgmt-leaf-04,E1/40,leaf
56,41806,connected,,,compute-062,fe-bf3-0-p0,server,fe-leaf-01,E1/31/2,leaf
56,41807,connected,,,compute-062,fe-bf3-1-p0,server,fe-leaf-02,E1/31/2,leaf
56,41808,connected,,,compute-062,storage-bf3-0-p0,server,storage-leaf-01,E1/31/2,leaf
56,41809,connected,,,compute-062,storage-bf3-1-p0,server,storage-leaf-02,E1/31/2,leaf
56,41810,connected,,,compute-062,x550-port0,server,conv-mgmt-leaf-04,E1/41,leaf
56,41811,connected,,,compute-062,x550-port1,server,conv-mgmt-leaf-04,E1/42,leaf
56,41812,connected,,,compute-063,be-gpu0-port0,server,be-plane-a-leaf-01,E1/32/1,leaf
56,41813,connected,,,compute-063,be-gpu0-port1,server,be-plane-b-leaf-01,E1/32/1,leaf
56,41814,connected,,,compute-063,be-gpu1-port0,server,be-plane-a-leaf-02,E1/32/1,leaf
56,41815,connected,,,compute-063,be-gpu1-port1,server,be-plane-b-leaf-02,E1/32/1,leaf
56,41816,connected,,,compute-063,be-gpu2-port0,server,be-plane-a-leaf-03,E1/32/1,leaf
56,41817,connected,,,compute-063,be-gpu2-port1,server,be-plane-b-leaf-03,E1/32/1,leaf
56,41818,connected,,,compute-063,be-gpu3-port0,server,be-plane-a-leaf-04,E1/32/1,leaf
56,41819,connected,,,compute-063,be-gpu3-port1,server,be-plane-b-leaf-04,E1/32/1,leaf
56,41820,connected,,,compute-063,be-gpu4-port0,server,be-plane-a-leaf-05,E1/32/1,leaf
56,41821,connected,,,compute-063,be-gpu4-port1,server,be-plane-b-leaf-05,E1/32/1,leaf
56,41822,connected,,,compute-063,be-gpu5-port0,server,be-plane-a-leaf-06,E1/32/1,leaf
56,41823,connected,,,compute-063,be-gpu5-port1,server,be-plane-b-leaf-06,E1/32/1,leaf
56,41824,connected,,,compute-063,be-gpu6-port0,server,be-plane-a-leaf-07,E1/32/1,leaf
56,41825,connected,,,compute-063,be-gpu6-port1,server,be-plane-b-leaf-07,E1/32/1,leaf
56,41826,connected,,,compute-063,be-gpu7-port0,server,be-plane-a-leaf-08,E1/32/1,leaf
56,41827,connected,,,compute-063,be-gpu7-port1,server,be-plane-b-leaf-08,E1/32/1,leaf
56,41828,connected,,,compute-063,bmc-bmc0,server,conv-mgmt-leaf-04,E1/43,leaf
56,41829,connected,,,compute-063,fe-bf3-0-p0,server,fe-leaf-01,E1/32/1,leaf
56,41830,connected,,,compute-063,fe-bf3-1-p0,server,fe-leaf-02,E1/32/1,leaf
56,41831,connected,,,compute-063,storage-bf3-0-p0,server,storage-leaf-01,E1/32/1,leaf
56,41832,connected,,,compute-063,storage-bf3-1-p0,server,storage-leaf-02,E1/32/1,leaf
56,41833,connected,,,compute-063,x550-port0,server,conv-mgmt-leaf-04,E1/44,leaf
56,41834,connected,,,compute-063,x550-port1,server,conv-mgmt-leaf-04,E1/45,leaf
56,41835,connected,,,compute-064,be-gpu0-port0,server,be-plane-a-leaf-01,E1/32/2,leaf
56,41836,connected,,,compute-064,be-gpu0-port1,server,be-plane-b-leaf-01,E1/32/2,leaf
56,41837,connected,,,compute-064,be-gpu1-port0,server,be-plane-a-leaf-02,E1/32/2,leaf
56,41838,connected,,,compute-064,be-gpu1-port1,server,be-plane-b-leaf-02,E1/32/2,leaf
56,41839,connected,,,compute-064,be-gpu2-port0,server,be-plane-a-leaf-03,E1/32/2,leaf
56,41840,connected,,,compute-064,be-gpu2-port1,server,be-plane-b-leaf-03,E1/32/2,leaf
56,41841,connected,,,compute-064,be-gpu3-port0,server,be-plane-a-leaf-04,E1/32/2,leaf
56,41842,connected,,,compute-064,be-gpu3-port1,server,be-plane-b-leaf-04,E1/32/2,leaf
56,41843,connected,,,compute-064,be-gpu4-port0,server,be-plane-a-leaf-05,E1/32/2,leaf
56,41844,connected,,,compute-064,be-gpu4-port1,server,be-plane-b-leaf-05,E1/32/2,leaf
56,41845,connected,,,compute-064,be-gpu5-port0,server,be-plane-a-leaf-06,E1/32/2,leaf
56,41846,connected,,,compute-064,be-gpu5-port1,server,be-plane-b-leaf-06,E1/32/2,leaf
56,41847,connected,,,compute-064,be-gpu6-port0,server,be-plane-a-leaf-07,E1/32/2,leaf
56,41848,connected,,,compute-064,be-gpu6-port1,server,be-plane-b-leaf-07,E1/32/2,leaf
56,41849,connected,,,compute-064,be-gpu7-port0,server,be-plane-a-leaf-08,E1/32/2,leaf
56,41850,connected,,,compute-064,be-gpu7-port1,server,be-plane-b-leaf-08,E1/32/2,leaf
56,41851,connected,,,compute-064,bmc-bmc0,server,conv-mgmt-leaf-04,E1/46,leaf
56,41852,connected,,,compute-064,fe-bf3-0-p0,server,fe-leaf-01,E1/32/2,leaf
56,41853,connected,,,compute-064,fe-bf3-1-p0,server,fe-leaf-02,E1/32/2,leaf
56,41854,connected,,,compute-064,storage-bf3-0-p0,server,storage-leaf-01,E1/32/2,leaf
56,41855,connected,,,compute-064,storage-bf3-1-p0,server,storage-leaf-02,E1/32/2,leaf
56,41856,connected,,,compute-064,x550-port0,server,conv-mgmt-leaf-04,E1/47,leaf
56,41857,connected,,,compute-064,x550-port1,server,conv-mgmt-leaf-04,E1/48,leaf
56,41858,connected,,,be-plane-a-leaf-01,E1/33,leaf,be-plane-a-spine-01,E1/1,spine
56,41859,connected,,,be-plane-a-leaf-01,E1/34,leaf,be-plane-a-spine-01,E1/2,spine
56,41860,connected,,,be-plane-a-leaf-01,E1/35,leaf,be-plane-a-spine-01,E1/3,spine
56,41861,connected,,,be-plane-a-leaf-01,E1/36,leaf,be-plane-a-spine-01,E1/4,spine
56,41862,connected,,,be-plane-a-leaf-01,E1/37,leaf,be-plane-a-spine-01,E1/5,spine
56,41863,connected,,,be-plane-a-leaf-01,E1/38,leaf,be-plane-a-spine-01,E1/6,spine
56,41864,connected,,,be-plane-a-leaf-01,E1/39,leaf,be-plane-a-spine-01,E1/7,spine
56,41865,connected,,,be-plane-a-leaf-01,E1/40,leaf,be-plane-a-spine-01,E1/8,spine
56,41866,connected,,,be-plane-a-leaf-01,E1/41,leaf,be-plane-a-spine-02,E1/1,spine
56,41867,connected,,,be-plane-a-leaf-01,E1/42,leaf,be-plane-a-spine-02,E1/2,spine
56,41868,connected,,,be-plane-a-leaf-01,E1/43,leaf,be-plane-a-spine-02,E1/3,spine
56,41869,connected,,,be-plane-a-leaf-01,E1/44,leaf,be-plane-a-spine-02,E1/4,spine
56,41870,connected,,,be-plane-a-leaf-01,E1/45,leaf,be-plane-a-spine-02,E1/5,spine
56,41871,connected,,,be-plane-a-leaf-01,E1/46,leaf,be-plane-a-spine-02,E1/6,spine
56,41872,connected,,,be-plane-a-leaf-01,E1/47,leaf,be-plane-a-spine-02,E1/7,spine
56,41873,connected,,,be-plane-a-leaf-01,E1/48,leaf,be-plane-a-spine-02,E1/8,spine
56,41874,connected,,,be-plane-a-leaf-01,E1/49,leaf,be-plane-a-spine-03,E1/1,spine
56,41875,connected,,,be-plane-a-leaf-01,E1/50,leaf,be-plane-a-spine-03,E1/2,spine
56,41876,connected,,,be-plane-a-leaf-01,E1/51,leaf,be-plane-a-spine-03,E1/3,spine
56,41877,connected,,,be-plane-a-leaf-01,E1/52,leaf,be-plane-a-spine-03,E1/4,spine
56,41878,connected,,,be-plane-a-leaf-01,E1/53,leaf,be-plane-a-spine-03,E1/5,spine
56,41879,connected,,,be-plane-a-leaf-01,E1/54,leaf,be-plane-a-spine-03,E1/6,spine
56,41880,connected,,,be-plane-a-leaf-01,E1/55,leaf,be-plane-a-spine-03,E1/7,spine
56,41881,connected,,,be-plane-a-leaf-01,E1/56,leaf,be-plane-a-spine-03,E1/8,spine
56,41882,connected,,,be-plane-a-leaf-01,E1/57,leaf,be-plane-a-spine-04,E1/1,spine
56,41883,connected,,,be-plane-a-leaf-01,E1/58,leaf,be-plane-a-spine-04,E1/2,spine
56,41884,connected,,,be-plane-a-leaf-01,E1/59,leaf,be-plane-a-spine-04,E1/3,spine
56,41885,connected,,,be-plane-a-leaf-01,E1/60,leaf,be-plane-a-spine-04,E1/4,spine
56,41886,connected,,,be-plane-a-leaf-01,E1/61,leaf,be-plane-a-spine-04,E1/5,spine
56,41887,connected,,,be-plane-a-leaf-01,E1/62,leaf,be-plane-a-spine-04,E1/6,spine
56,41888,connected,,,be-plane-a-leaf-01,E1/63,leaf,be-plane-a-spine-04,E1/7,spine
56,41889,connected,,,be-plane-a-leaf-01,E1/64,leaf,be-plane-a-spine-04,E1/8,spine
56,41890,connected,,,be-plane-a-leaf-02,E1/33,leaf,be-plane-a-spine-01,E1/9,spine
56,41891,connected,,,be-plane-a-leaf-02,E1/34,leaf,be-plane-a-spine-01,E1/10,spine
56,41892,connected,,,be-plane-a-leaf-02,E1/35,leaf,be-plane-a-spine-01,E1/11,spine
56,41893,connected,,,be-plane-a-leaf-02,E1/36,leaf,be-plane-a-spine-01,E1/12,spine
56,41894,connected,,,be-plane-a-leaf-02,E1/37,leaf,be-plane-a-spine-01,E1/13,spine
56,41895,connected,,,be-plane-a-leaf-02,E1/38,leaf,be-plane-a-spine-01,E1/14,spine
56,41896,connected,,,be-plane-a-leaf-02,E1/39,leaf,be-plane-a-spine-01,E1/15,spine
56,41897,connected,,,be-plane-a-leaf-02,E1/40,leaf,be-plane-a-spine-01,E1/16,spine
56,41898,connected,,,be-plane-a-leaf-02,E1/41,leaf,be-plane-a-spine-02,E1/9,spine
56,41899,connected,,,be-plane-a-leaf-02,E1/42,leaf,be-plane-a-spine-02,E1/10,spine
56,41900,connected,,,be-plane-a-leaf-02,E1/43,leaf,be-plane-a-spine-02,E1/11,spine
56,41901,connected,,,be-plane-a-leaf-02,E1/44,leaf,be-plane-a-spine-02,E1/12,spine
56,41902,connected,,,be-plane-a-leaf-02,E1/45,leaf,be-plane-a-spine-02,E1/13,spine
56,41903,connected,,,be-plane-a-leaf-02,E1/46,leaf,be-plane-a-spine-02,E1/14,spine
56,41904,connected,,,be-plane-a-leaf-02,E1/47,leaf,be-plane-a-spine-02,E1/15,spine
56,41905,connected,,,be-plane-a-leaf-02,E1/48,leaf,be-plane-a-spine-02,E1/16,spine
56,41906,connected,,,be-plane-a-leaf-02,E1/49,leaf,be-plane-a-spine-03,E1/9,spine
56,41907,connected,,,be-plane-a-leaf-02,E1/50,leaf,be-plane-a-spine-03,E1/10,spine
56,41908,connected,,,be-plane-a-leaf-02,E1/51,leaf,be-plane-a-spine-03,E1/11,spine
56,41909,connected,,,be-plane-a-leaf-02,E1/52,leaf,be-plane-a-spine-03,E1/12,spine
56,41910,connected,,,be-plane-a-leaf-02,E1/53,leaf,be-plane-a-spine-03,E1/13,spine
56,41911,connected,,,be-plane-a-leaf-02,E1/54,leaf,be-plane-a-spine-03,E1/14,spine
56,41912,connected,,,be-plane-a-leaf-02,E1/55,leaf,be-plane-a-spine-03,E1/15,spine
56,41913,connected,,,be-plane-a-leaf-02,E1/56,leaf,be-plane-a-spine-03,E1/16,spine
56,41914,connected,,,be-plane-a-leaf-02,E1/57,leaf,be-plane-a-spine-04,E1/9,spine
56,41915,connected,,,be-plane-a-leaf-02,E1/58,leaf,be-plane-a-spine-04,E1/10,spine
56,41916,connected,,,be-plane-a-leaf-02,E1/59,leaf,be-plane-a-spine-04,E1/11,spine
56,41917,connected,,,be-plane-a-leaf-02,E1/60,leaf,be-plane-a-spine-04,E1/12,spine
56,41918,connected,,,be-plane-a-leaf-02,E1/61,leaf,be-plane-a-spine-04,E1/13,spine
56,41919,connected,,,be-plane-a-leaf-02,E1/62,leaf,be-plane-a-spine-04,E1/14,spine
56,41920,connected,,,be-plane-a-leaf-02,E1/63,leaf,be-plane-a-spine-04,E1/15,spine
56,41921,connected,,,be-plane-a-leaf-02,E1/64,leaf,be-plane-a-spine-04,E1/16,spine
56,41922,connected,,,be-plane-a-leaf-03,E1/33,leaf,be-plane-a-spine-01,E1/17,spine
56,41923,connected,,,be-plane-a-leaf-03,E1/34,leaf,be-plane-a-spine-01,E1/18,spine
56,41924,connected,,,be-plane-a-leaf-03,E1/35,leaf,be-plane-a-spine-01,E1/19,spine
56,41925,connected,,,be-plane-a-leaf-03,E1/36,leaf,be-plane-a-spine-01,E1/20,spine
56,41926,connected,,,be-plane-a-leaf-03,E1/37,leaf,be-plane-a-spine-01,E1/21,spine
56,41927,connected,,,be-plane-a-leaf-03,E1/38,leaf,be-plane-a-spine-01,E1/22,spine
56,41928,connected,,,be-plane-a-leaf-03,E1/39,leaf,be-plane-a-spine-01,E1/23,spine
56,41929,connected,,,be-plane-a-leaf-03,E1/40,leaf,be-plane-a-spine-01,E1/24,spine
56,41930,connected,,,be-plane-a-leaf-03,E1/41,leaf,be-plane-a-spine-02,E1/17,spine
56,41931,connected,,,be-plane-a-leaf-03,E1/42,leaf,be-plane-a-spine-02,E1/18,spine
56,41932,connected,,,be-plane-a-leaf-03,E1/43,leaf,be-plane-a-spine-02,E1/19,spine
56,41933,connected,,,be-plane-a-leaf-03,E1/44,leaf,be-plane-a-spine-02,E1/20,spine
56,41934,connected,,,be-plane-a-leaf-03,E1/45,leaf,be-plane-a-spine-02,E1/21,spine
56,41935,connected,,,be-plane-a-leaf-03,E1/46,leaf,be-plane-a-spine-02,E1/22,spine
56,41936,connected,,,be-plane-a-leaf-03,E1/47,leaf,be-plane-a-spine-02,E1/23,spine
56,41937,connected,,,be-plane-a-leaf-03,E1/48,leaf,be-plane-a-spine-02,E1/24,spine
56,41938,connected,,,be-plane-a-leaf-03,E1/49,leaf,be-plane-a-spine-03,E1/17,spine
56,41939,connected,,,be-plane-a-leaf-03,E1/50,leaf,be-plane-a-spine-03,E1/18,spine
56,41940,connected,,,be-plane-a-leaf-03,E1/51,leaf,be-plane-a-spine-03,E1/19,spine
56,41941,connected,,,be-plane-a-leaf-03,E1/52,leaf,be-plane-a-spine-03,E1/20,spine
56,41942,connected,,,be-plane-a-leaf-03,E1/53,leaf,be-plane-a-spine-03,E1/21,spine
56,41943,connected,,,be-plane-a-leaf-03,E1/54,leaf,be-plane-a-spine-03,E1/22,spine
56,41944,connected,,,be-plane-a-leaf-03,E1/55,leaf,be-plane-a-spine-03,E1/23,spine
56,41945,connected,,,be-plane-a-leaf-03,E1/56,leaf,be-plane-a-spine-03,E1/24,spine
56,41946,connected,,,be-plane-a-leaf-03,E1/57,leaf,be-plane-a-spine-04,E1/17,spine
56,41947,connected,,,be-plane-a-leaf-03,E1/58,leaf,be-plane-a-spine-04,E1/18,spine
56,41948,connected,,,be-plane-a-leaf-03,E1/59,leaf,be-plane-a-spine-04,E1/19,spine
56,41949,connected,,,be-plane-a-leaf-03,E1/60,leaf,be-plane-a-spine-04,E1/20,spine
56,41950,connected,,,be-plane-a-leaf-03,E1/61,leaf,be-plane-a-spine-04,E1/21,spine
56,41951,connected,,,be-plane-a-leaf-03,E1/62,leaf,be-plane-a-spine-04,E1/22,spine
56,41952,connected,,,be-plane-a-leaf-03,E1/63,leaf,be-plane-a-spine-04,E1/23,spine
56,41953,connected,,,be-plane-a-leaf-03,E1/64,leaf,be-plane-a-spine-04,E1/24,spine
56,41954,connected,,,be-plane-a-leaf-04,E1/33,leaf,be-plane-a-spine-01,E1/25,spine
56,41955,connected,,,be-plane-a-leaf-04,E1/34,leaf,be-plane-a-spine-01,E1/26,spine
56,41956,connected,,,be-plane-a-leaf-04,E1/35,leaf,be-plane-a-spine-01,E1/27,spine
56,41957,connected,,,be-plane-a-leaf-04,E1/36,leaf,be-plane-a-spine-01,E1/28,spine
56,41958,connected,,,be-plane-a-leaf-04,E1/37,leaf,be-plane-a-spine-01,E1/29,spine
56,41959,connected,,,be-plane-a-leaf-04,E1/38,leaf,be-plane-a-spine-01,E1/30,spine
56,41960,connected,,,be-plane-a-leaf-04,E1/39,leaf,be-plane-a-spine-01,E1/31,spine
56,41961,connected,,,be-plane-a-leaf-04,E1/40,leaf,be-plane-a-spine-01,E1/32,spine
56,41962,connected,,,be-plane-a-leaf-04,E1/41,leaf,be-plane-a-spine-02,E1/25,spine
56,41963,connected,,,be-plane-a-leaf-04,E1/42,leaf,be-plane-a-spine-02,E1/26,spine
56,41964,connected,,,be-plane-a-leaf-04,E1/43,leaf,be-plane-a-spine-02,E1/27,spine
56,41965,connected,,,be-plane-a-leaf-04,E1/44,leaf,be-plane-a-spine-02,E1/28,spine
56,41966,connected,,,be-plane-a-leaf-04,E1/45,leaf,be-plane-a-spine-02,E1/29,spine
56,41967,connected,,,be-plane-a-leaf-04,E1/46,leaf,be-plane-a-spine-02,E1/30,spine
56,41968,connected,,,be-plane-a-leaf-04,E1/47,leaf,be-plane-a-spine-02,E1/31,spine
56,41969,connected,,,be-plane-a-leaf-04,E1/48,leaf,be-plane-a-spine-02,E1/32,spine
56,41970,connected,,,be-plane-a-leaf-04,E1/49,leaf,be-plane-a-spine-03,E1/25,spine
56,41971,connected,,,be-plane-a-leaf-04,E1/50,leaf,be-plane-a-spine-03,E1/26,spine
56,41972,connected,,,be-plane-a-leaf-04,E1/51,leaf,be-plane-a-spine-03,E1/27,spine
56,41973,connected,,,be-plane-a-leaf-04,E1/52,leaf,be-plane-a-spine-03,E1/28,spine
56,41974,connected,,,be-plane-a-leaf-04,E1/53,leaf,be-plane-a-spine-03,E1/29,spine
56,41975,connected,,,be-plane-a-leaf-04,E1/54,leaf,be-plane-a-spine-03,E1/30,spine
56,41976,connected,,,be-plane-a-leaf-04,E1/55,leaf,be-plane-a-spine-03,E1/31,spine
56,41977,connected,,,be-plane-a-leaf-04,E1/56,leaf,be-plane-a-spine-03,E1/32,spine
56,41978,connected,,,be-plane-a-leaf-04,E1/57,leaf,be-plane-a-spine-04,E1/25,spine
56,41979,connected,,,be-plane-a-leaf-04,E1/58,leaf,be-plane-a-spine-04,E1/26,spine
56,41980,connected,,,be-plane-a-leaf-04,E1/59,leaf,be-plane-a-spine-04,E1/27,spine
56,41981,connected,,,be-plane-a-leaf-04,E1/60,leaf,be-plane-a-spine-04,E1/28,spine
56,41982,connected,,,be-plane-a-leaf-04,E1/61,leaf,be-plane-a-spine-04,E1/29,spine
56,41983,connected,,,be-plane-a-leaf-04,E1/62,leaf,be-plane-a-spine-04,E1/30,spine
56,41984,connected,,,be-plane-a-leaf-04,E1/63,leaf,be-plane-a-spine-04,E1/31,spine
56,41985,connected,,,be-plane-a-leaf-04,E1/64,leaf,be-plane-a-spine-04,E1/32,spine
56,41986,connected,,,be-plane-a-leaf-05,E1/33,leaf,be-plane-a-spine-01,E1/33,spine
56,41987,connected,,,be-plane-a-leaf-05,E1/34,leaf,be-plane-a-spine-01,E1/34,spine
56,41988,connected,,,be-plane-a-leaf-05,E1/35,leaf,be-plane-a-spine-01,E1/35,spine
56,41989,connected,,,be-plane-a-leaf-05,E1/36,leaf,be-plane-a-spine-01,E1/36,spine
56,41990,connected,,,be-plane-a-leaf-05,E1/37,leaf,be-plane-a-spine-01,E1/37,spine
56,41991,connected,,,be-plane-a-leaf-05,E1/38,leaf,be-plane-a-spine-01,E1/38,spine
56,41992,connected,,,be-plane-a-leaf-05,E1/39,leaf,be-plane-a-spine-01,E1/39,spine
56,41993,connected,,,be-plane-a-leaf-05,E1/40,leaf,be-plane-a-spine-01,E1/40,spine
56,41994,connected,,,be-plane-a-leaf-05,E1/41,leaf,be-plane-a-spine-02,E1/33,spine
56,41995,connected,,,be-plane-a-leaf-05,E1/42,leaf,be-plane-a-spine-02,E1/34,spine
56,41996,connected,,,be-plane-a-leaf-05,E1/43,leaf,be-plane-a-spine-02,E1/35,spine
56,41997,connected,,,be-plane-a-leaf-05,E1/44,leaf,be-plane-a-spine-02,E1/36,spine
56,41998,connected,,,be-plane-a-leaf-05,E1/45,leaf,be-plane-a-spine-02,E1/37,spine
56,41999,connected,,,be-plane-a-leaf-05,E1/46,leaf,be-plane-a-spine-02,E1/38,spine
56,42000,connected,,,be-plane-a-leaf-05,E1/47,leaf,be-plane-a-spine-02,E1/39,spine
56,42001,connected,,,be-plane-a-leaf-05,E1/48,leaf,be-plane-a-spine-02,E1/40,spine
56,42002,connected,,,be-plane-a-leaf-05,E1/49,leaf,be-plane-a-spine-03,E1/33,spine
56,42003,connected,,,be-plane-a-leaf-05,E1/50,leaf,be-plane-a-spine-03,E1/34,spine
56,42004,connected,,,be-plane-a-leaf-05,E1/51,leaf,be-plane-a-spine-03,E1/35,spine
56,42005,connected,,,be-plane-a-leaf-05,E1/52,leaf,be-plane-a-spine-03,E1/36,spine
56,42006,connected,,,be-plane-a-leaf-05,E1/53,leaf,be-plane-a-spine-03,E1/37,spine
56,42007,connected,,,be-plane-a-leaf-05,E1/54,leaf,be-plane-a-spine-03,E1/38,spine
56,42008,connected,,,be-plane-a-leaf-05,E1/55,leaf,be-plane-a-spine-03,E1/39,spine
56,42009,connected,,,be-plane-a-leaf-05,E1/56,leaf,be-plane-a-spine-03,E1/40,spine
56,42010,connected,,,be-plane-a-leaf-05,E1/57,leaf,be-plane-a-spine-04,E1/33,spine
56,42011,connected,,,be-plane-a-leaf-05,E1/58,leaf,be-plane-a-spine-04,E1/34,spine
56,42012,connected,,,be-plane-a-leaf-05,E1/59,leaf,be-plane-a-spine-04,E1/35,spine
56,42013,connected,,,be-plane-a-leaf-05,E1/60,leaf,be-plane-a-spine-04,E1/36,spine
56,42014,connected,,,be-plane-a-leaf-05,E1/61,leaf,be-plane-a-spine-04,E1/37,spine
56,42015,connected,,,be-plane-a-leaf-05,E1/62,leaf,be-plane-a-spine-04,E1/38,spine
56,42016,connected,,,be-plane-a-leaf-05,E1/63,leaf,be-plane-a-spine-04,E1/39,spine
56,42017,connected,,,be-plane-a-leaf-05,E1/64,leaf,be-plane-a-spine-04,E1/40,spine
56,42018,connected,,,be-plane-a-leaf-06,E1/33,leaf,be-plane-a-spine-01,E1/41,spine
56,42019,connected,,,be-plane-a-leaf-06,E1/34,leaf,be-plane-a-spine-01,E1/42,spine
56,42020,connected,,,be-plane-a-leaf-06,E1/35,leaf,be-plane-a-spine-01,E1/43,spine
56,42021,connected,,,be-plane-a-leaf-06,E1/36,leaf,be-plane-a-spine-01,E1/44,spine
56,42022,connected,,,be-plane-a-leaf-06,E1/37,leaf,be-plane-a-spine-01,E1/45,spine
56,42023,connected,,,be-plane-a-leaf-06,E1/38,leaf,be-plane-a-spine-01,E1/46,spine
56,42024,connected,,,be-plane-a-leaf-06,E1/39,leaf,be-plane-a-spine-01,E1/47,spine
56,42025,connected,,,be-plane-a-leaf-06,E1/40,leaf,be-plane-a-spine-01,E1/48,spine
56,42026,connected,,,be-plane-a-leaf-06,E1/41,leaf,be-plane-a-spine-02,E1/41,spine
56,42027,connected,,,be-plane-a-leaf-06,E1/42,leaf,be-plane-a-spine-02,E1/42,spine
56,42028,connected,,,be-plane-a-leaf-06,E1/43,leaf,be-plane-a-spine-02,E1/43,spine
56,42029,connected,,,be-plane-a-leaf-06,E1/44,leaf,be-plane-a-spine-02,E1/44,spine
56,42030,connected,,,be-plane-a-leaf-06,E1/45,leaf,be-plane-a-spine-02,E1/45,spine
56,42031,connected,,,be-plane-a-leaf-06,E1/46,leaf,be-plane-a-spine-02,E1/46,spine
56,42032,connected,,,be-plane-a-leaf-06,E1/47,leaf,be-plane-a-spine-02,E1/47,spine
56,42033,connected,,,be-plane-a-leaf-06,E1/48,leaf,be-plane-a-spine-02,E1/48,spine
56,42034,connected,,,be-plane-a-leaf-06,E1/49,leaf,be-plane-a-spine-03,E1/41,spine
56,42035,connected,,,be-plane-a-leaf-06,E1/50,leaf,be-plane-a-spine-03,E1/42,spine
56,42036,connected,,,be-plane-a-leaf-06,E1/51,leaf,be-plane-a-spine-03,E1/43,spine
56,42037,connected,,,be-plane-a-leaf-06,E1/52,leaf,be-plane-a-spine-03,E1/44,spine
56,42038,connected,,,be-plane-a-leaf-06,E1/53,leaf,be-plane-a-spine-03,E1/45,spine
56,42039,connected,,,be-plane-a-leaf-06,E1/54,leaf,be-plane-a-spine-03,E1/46,spine
56,42040,connected,,,be-plane-a-leaf-06,E1/55,leaf,be-plane-a-spine-03,E1/47,spine
56,42041,connected,,,be-plane-a-leaf-06,E1/56,leaf,be-plane-a-spine-03,E1/48,spine
56,42042,connected,,,be-plane-a-leaf-06,E1/57,leaf,be-plane-a-spine-04,E1/41,spine
56,42043,connected,,,be-plane-a-leaf-06,E1/58,leaf,be-plane-a-spine-04,E1/42,spine
56,42044,connected,,,be-plane-a-leaf-06,E1/59,leaf,be-plane-a-spine-04,E1/43,spine
56,42045,connected,,,be-plane-a-leaf-06,E1/60,leaf,be-plane-a-spine-04,E1/44,spine
56,42046,connected,,,be-plane-a-leaf-06,E1/61,leaf,be-plane-a-spine-04,E1/45,spine
56,42047,connected,,,be-plane-a-leaf-06,E1/62,leaf,be-plane-a-spine-04,E1/46,spine
56,42048,connected,,,be-plane-a-leaf-06,E1/63,leaf,be-plane-a-spine-04,E1/47,spine
56,42049,connected,,,be-plane-a-leaf-06,E1/64,leaf,be-plane-a-spine-04,E1/48,spine
56,42050,connected,,,be-plane-a-leaf-07,E1/33,leaf,be-plane-a-spine-01,E1/49,spine
56,42051,connected,,,be-plane-a-leaf-07,E1/34,leaf,be-plane-a-spine-01,E1/50,spine
56,42052,connected,,,be-plane-a-leaf-07,E1/35,leaf,be-plane-a-spine-01,E1/51,spine
56,42053,connected,,,be-plane-a-leaf-07,E1/36,leaf,be-plane-a-spine-01,E1/52,spine
56,42054,connected,,,be-plane-a-leaf-07,E1/37,leaf,be-plane-a-spine-01,E1/53,spine
56,42055,connected,,,be-plane-a-leaf-07,E1/38,leaf,be-plane-a-spine-01,E1/54,spine
56,42056,connected,,,be-plane-a-leaf-07,E1/39,leaf,be-plane-a-spine-01,E1/55,spine
56,42057,connected,,,be-plane-a-leaf-07,E1/40,leaf,be-plane-a-spine-01,E1/56,spine
56,42058,connected,,,be-plane-a-leaf-07,E1/41,leaf,be-plane-a-spine-02,E1/49,spine
56,42059,connected,,,be-plane-a-leaf-07,E1/42,leaf,be-plane-a-spine-02,E1/50,spine
56,42060,connected,,,be-plane-a-leaf-07,E1/43,leaf,be-plane-a-spine-02,E1/51,spine
56,42061,connected,,,be-plane-a-leaf-07,E1/44,leaf,be-plane-a-spine-02,E1/52,spine
56,42062,connected,,,be-plane-a-leaf-07,E1/45,leaf,be-plane-a-spine-02,E1/53,spine
56,42063,connected,,,be-plane-a-leaf-07,E1/46,leaf,be-plane-a-spine-02,E1/54,spine
56,42064,connected,,,be-plane-a-leaf-07,E1/47,leaf,be-plane-a-spine-02,E1/55,spine
56,42065,connected,,,be-plane-a-leaf-07,E1/48,leaf,be-plane-a-spine-02,E1/56,spine
56,42066,connected,,,be-plane-a-leaf-07,E1/49,leaf,be-plane-a-spine-03,E1/49,spine
56,42067,connected,,,be-plane-a-leaf-07,E1/50,leaf,be-plane-a-spine-03,E1/50,spine
56,42068,connected,,,be-plane-a-leaf-07,E1/51,leaf,be-plane-a-spine-03,E1/51,spine
56,42069,connected,,,be-plane-a-leaf-07,E1/52,leaf,be-plane-a-spine-03,E1/52,spine
56,42070,connected,,,be-plane-a-leaf-07,E1/53,leaf,be-plane-a-spine-03,E1/53,spine
56,42071,connected,,,be-plane-a-leaf-07,E1/54,leaf,be-plane-a-spine-03,E1/54,spine
56,42072,connected,,,be-plane-a-leaf-07,E1/55,leaf,be-plane-a-spine-03,E1/55,spine
56,42073,connected,,,be-plane-a-leaf-07,E1/56,leaf,be-plane-a-spine-03,E1/56,spine
56,42074,connected,,,be-plane-a-leaf-07,E1/57,leaf,be-plane-a-spine-04,E1/49,spine
56,42075,connected,,,be-plane-a-leaf-07,E1/58,leaf,be-plane-a-spine-04,E1/50,spine
56,42076,connected,,,be-plane-a-leaf-07,E1/59,leaf,be-plane-a-spine-04,E1/51,spine
56,42077,connected,,,be-plane-a-leaf-07,E1/60,leaf,be-plane-a-spine-04,E1/52,spine
56,42078,connected,,,be-plane-a-leaf-07,E1/61,leaf,be-plane-a-spine-04,E1/53,spine
56,42079,connected,,,be-plane-a-leaf-07,E1/62,leaf,be-plane-a-spine-04,E1/54,spine
56,42080,connected,,,be-plane-a-leaf-07,E1/63,leaf,be-plane-a-spine-04,E1/55,spine
56,42081,connected,,,be-plane-a-leaf-07,E1/64,leaf,be-plane-a-spine-04,E1/56,spine
56,42082,connected,,,be-plane-a-leaf-08,E1/33,leaf,be-plane-a-spine-01,E1/57,spine
56,42083,connected,,,be-plane-a-leaf-08,E1/34,leaf,be-plane-a-spine-01,E1/58,spine
56,42084,connected,,,be-plane-a-leaf-08,E1/35,leaf,be-plane-a-spine-01,E1/59,spine
56,42085,connected,,,be-plane-a-leaf-08,E1/36,leaf,be-plane-a-spine-01,E1/60,spine
56,42086,connected,,,be-plane-a-leaf-08,E1/37,leaf,be-plane-a-spine-01,E1/61,spine
56,42087,connected,,,be-plane-a-leaf-08,E1/38,leaf,be-plane-a-spine-01,E1/62,spine
56,42088,connected,,,be-plane-a-leaf-08,E1/39,leaf,be-plane-a-spine-01,E1/63,spine
56,42089,connected,,,be-plane-a-leaf-08,E1/40,leaf,be-plane-a-spine-01,E1/64,spine
56,42090,connected,,,be-plane-a-leaf-08,E1/41,leaf,be-plane-a-spine-02,E1/57,spine
56,42091,connected,,,be-plane-a-leaf-08,E1/42,leaf,be-plane-a-spine-02,E1/58,spine
56,42092,connected,,,be-plane-a-leaf-08,E1/43,leaf,be-plane-a-spine-02,E1/59,spine
56,42093,connected,,,be-plane-a-leaf-08,E1/44,leaf,be-plane-a-spine-02,E1/60,spine
56,42094,connected,,,be-plane-a-leaf-08,E1/45,leaf,be-plane-a-spine-02,E1/61,spine
56,42095,connected,,,be-plane-a-leaf-08,E1/46,leaf,be-plane-a-spine-02,E1/62,spine
56,42096,connected,,,be-plane-a-leaf-08,E1/47,leaf,be-plane-a-spine-02,E1/63,spine
56,42097,connected,,,be-plane-a-leaf-08,E1/48,leaf,be-plane-a-spine-02,E1/64,spine
56,42098,connected,,,be-plane-a-leaf-08,E1/49,leaf,be-plane-a-spine-03,E1/57,spine
56,42099,connected,,,be-plane-a-leaf-08,E1/50,leaf,be-plane-a-spine-03,E1/58,spine
56,42100,connected,,,be-plane-a-leaf-08,E1/51,leaf,be-plane-a-spine-03,E1/59,spine
56,42101,connected,,,be-plane-a-leaf-08,E1/52,leaf,be-plane-a-spine-03,E1/60,spine
56,42102,connected,,,be-plane-a-leaf-08,E1/53,leaf,be-plane-a-spine-03,E1/61,spine
56,42103,connected,,,be-plane-a-leaf-08,E1/54,leaf,be-plane-a-spine-03,E1/62,spine
56,42104,connected,,,be-plane-a-leaf-08,E1/55,leaf,be-plane-a-spine-03,E1/63,spine
56,42105,connected,,,be-plane-a-leaf-08,E1/56,leaf,be-plane-a-spine-03,E1/64,spine
56,42106,connected,,,be-plane-a-leaf-08,E1/57,leaf,be-plane-a-spine-04,E1/57,spine
56,42107,connected,,,be-plane-a-leaf-08,E1/58,leaf,be-plane-a-spine-04,E1/58,spine
56,42108,connected,,,be-plane-a-leaf-08,E1/59,leaf,be-plane-a-spine-04,E1/59,spine
56,42109,connected,,,be-plane-a-leaf-08,E1/60,leaf,be-plane-a-spine-04,E1/60,spine
56,42110,connected,,,be-plane-a-leaf-08,E1/61,leaf,be-plane-a-spine-04,E1/61,spine
56,42111,connected,,,be-plane-a-leaf-08,E1/62,leaf,be-plane-a-spine-04,E1/62,spine
56,42112,connected,,,be-plane-a-leaf-08,E1/63,leaf,be-plane-a-spine-04,E1/63,spine
56,42113,connected,,,be-plane-a-leaf-08,E1/64,leaf,be-plane-a-spine-04,E1/64,spine
56,42114,connected,,,be-plane-b-leaf-01,E1/33,leaf,be-plane-b-spine-01,E1/1,spine
56,42115,connected,,,be-plane-b-leaf-01,E1/34,leaf,be-plane-b-spine-01,E1/2,spine
56,42116,connected,,,be-plane-b-leaf-01,E1/35,leaf,be-plane-b-spine-01,E1/3,spine
56,42117,connected,,,be-plane-b-leaf-01,E1/36,leaf,be-plane-b-spine-01,E1/4,spine
56,42118,connected,,,be-plane-b-leaf-01,E1/37,leaf,be-plane-b-spine-01,E1/5,spine
56,42119,connected,,,be-plane-b-leaf-01,E1/38,leaf,be-plane-b-spine-01,E1/6,spine
56,42120,connected,,,be-plane-b-leaf-01,E1/39,leaf,be-plane-b-spine-01,E1/7,spine
56,42121,connected,,,be-plane-b-leaf-01,E1/40,leaf,be-plane-b-spine-01,E1/8,spine
56,42122,connected,,,be-plane-b-leaf-01,E1/41,leaf,be-plane-b-spine-02,E1/1,spine
56,42123,connected,,,be-plane-b-leaf-01,E1/42,leaf,be-plane-b-spine-02,E1/2,spine
56,42124,connected,,,be-plane-b-leaf-01,E1/43,leaf,be-plane-b-spine-02,E1/3,spine
56,42125,connected,,,be-plane-b-leaf-01,E1/44,leaf,be-plane-b-spine-02,E1/4,spine
56,42126,connected,,,be-plane-b-leaf-01,E1/45,leaf,be-plane-b-spine-02,E1/5,spine
56,42127,connected,,,be-plane-b-leaf-01,E1/46,leaf,be-plane-b-spine-02,E1/6,spine
56,42128,connected,,,be-plane-b-leaf-01,E1/47,leaf,be-plane-b-spine-02,E1/7,spine
56,42129,connected,,,be-plane-b-leaf-01,E1/48,leaf,be-plane-b-spine-02,E1/8,spine
56,42130,connected,,,be-plane-b-leaf-01,E1/49,leaf,be-plane-b-spine-03,E1/1,spine
56,42131,connected,,,be-plane-b-leaf-01,E1/50,leaf,be-plane-b-spine-03,E1/2,spine
56,42132,connected,,,be-plane-b-leaf-01,E1/51,leaf,be-plane-b-spine-03,E1/3,spine
56,42133,connected,,,be-plane-b-leaf-01,E1/52,leaf,be-plane-b-spine-03,E1/4,spine
56,42134,connected,,,be-plane-b-leaf-01,E1/53,leaf,be-plane-b-spine-03,E1/5,spine
56,42135,connected,,,be-plane-b-leaf-01,E1/54,leaf,be-plane-b-spine-03,E1/6,spine
56,42136,connected,,,be-plane-b-leaf-01,E1/55,leaf,be-plane-b-spine-03,E1/7,spine
56,42137,connected,,,be-plane-b-leaf-01,E1/56,leaf,be-plane-b-spine-03,E1/8,spine
56,42138,connected,,,be-plane-b-leaf-01,E1/57,leaf,be-plane-b-spine-04,E1/1,spine
56,42139,connected,,,be-plane-b-leaf-01,E1/58,leaf,be-plane-b-spine-04,E1/2,spine
56,42140,connected,,,be-plane-b-leaf-01,E1/59,leaf,be-plane-b-spine-04,E1/3,spine
56,42141,connected,,,be-plane-b-leaf-01,E1/60,leaf,be-plane-b-spine-04,E1/4,spine
56,42142,connected,,,be-plane-b-leaf-01,E1/61,leaf,be-plane-b-spine-04,E1/5,spine
56,42143,connected,,,be-plane-b-leaf-01,E1/62,leaf,be-plane-b-spine-04,E1/6,spine
56,42144,connected,,,be-plane-b-leaf-01,E1/63,leaf,be-plane-b-spine-04,E1/7,spine
56,42145,connected,,,be-plane-b-leaf-01,E1/64,leaf,be-plane-b-spine-04,E1/8,spine
56,42146,connected,,,be-plane-b-leaf-02,E1/33,leaf,be-plane-b-spine-01,E1/9,spine
56,42147,connected,,,be-plane-b-leaf-02,E1/34,leaf,be-plane-b-spine-01,E1/10,spine
56,42148,connected,,,be-plane-b-leaf-02,E1/35,leaf,be-plane-b-spine-01,E1/11,spine
56,42149,connected,,,be-plane-b-leaf-02,E1/36,leaf,be-plane-b-spine-01,E1/12,spine
56,42150,connected,,,be-plane-b-leaf-02,E1/37,leaf,be-plane-b-spine-01,E1/13,spine
56,42151,connected,,,be-plane-b-leaf-02,E1/38,leaf,be-plane-b-spine-01,E1/14,spine
56,42152,connected,,,be-plane-b-leaf-02,E1/39,leaf,be-plane-b-spine-01,E1/15,spine
56,42153,connected,,,be-plane-b-leaf-02,E1/40,leaf,be-plane-b-spine-01,E1/16,spine
56,42154,connected,,,be-plane-b-leaf-02,E1/41,leaf,be-plane-b-spine-02,E1/9,spine
56,42155,connected,,,be-plane-b-leaf-02,E1/42,leaf,be-plane-b-spine-02,E1/10,spine
56,42156,connected,,,be-plane-b-leaf-02,E1/43,leaf,be-plane-b-spine-02,E1/11,spine
56,42157,connected,,,be-plane-b-leaf-02,E1/44,leaf,be-plane-b-spine-02,E1/12,spine
56,42158,connected,,,be-plane-b-leaf-02,E1/45,leaf,be-plane-b-spine-02,E1/13,spine
56,42159,connected,,,be-plane-b-leaf-02,E1/46,leaf,be-plane-b-spine-02,E1/14,spine
56,42160,connected,,,be-plane-b-leaf-02,E1/47,leaf,be-plane-b-spine-02,E1/15,spine
56,42161,connected,,,be-plane-b-leaf-02,E1/48,leaf,be-plane-b-spine-02,E1/16,spine
56,42162,connected,,,be-plane-b-leaf-02,E1/49,leaf,be-plane-b-spine-03,E1/9,spine
56,42163,connected,,,be-plane-b-leaf-02,E1/50,leaf,be-plane-b-spine-03,E1/10,spine
56,42164,connected,,,be-plane-b-leaf-02,E1/51,leaf,be-plane-b-spine-03,E1/11,spine
56,42165,connected,,,be-plane-b-leaf-02,E1/52,leaf,be-plane-b-spine-03,E1/12,spine
56,42166,connected,,,be-plane-b-leaf-02,E1/53,leaf,be-plane-b-spine-03,E1/13,spine
56,42167,connected,,,be-plane-b-leaf-02,E1/54,leaf,be-plane-b-spine-03,E1/14,spine
56,42168,connected,,,be-plane-b-leaf-02,E1/55,leaf,be-plane-b-spine-03,E1/15,spine
56,42169,connected,,,be-plane-b-leaf-02,E1/56,leaf,be-plane-b-spine-03,E1/16,spine
56,42170,connected,,,be-plane-b-leaf-02,E1/57,leaf,be-plane-b-spine-04,E1/9,spine
56,42171,connected,,,be-plane-b-leaf-02,E1/58,leaf,be-plane-b-spine-04,E1/10,spine
56,42172,connected,,,be-plane-b-leaf-02,E1/59,leaf,be-plane-b-spine-04,E1/11,spine
56,42173,connected,,,be-plane-b-leaf-02,E1/60,leaf,be-plane-b-spine-04,E1/12,spine
56,42174,connected,,,be-plane-b-leaf-02,E1/61,leaf,be-plane-b-spine-04,E1/13,spine
56,42175,connected,,,be-plane-b-leaf-02,E1/62,leaf,be-plane-b-spine-04,E1/14,spine
56,42176,connected,,,be-plane-b-leaf-02,E1/63,leaf,be-plane-b-spine-04,E1/15,spine
56,42177,connected,,,be-plane-b-leaf-02,E1/64,leaf,be-plane-b-spine-04,E1/16,spine
56,42178,connected,,,be-plane-b-leaf-03,E1/33,leaf,be-plane-b-spine-01,E1/17,spine
56,42179,connected,,,be-plane-b-leaf-03,E1/34,leaf,be-plane-b-spine-01,E1/18,spine
56,42180,connected,,,be-plane-b-leaf-03,E1/35,leaf,be-plane-b-spine-01,E1/19,spine
56,42181,connected,,,be-plane-b-leaf-03,E1/36,leaf,be-plane-b-spine-01,E1/20,spine
56,42182,connected,,,be-plane-b-leaf-03,E1/37,leaf,be-plane-b-spine-01,E1/21,spine
56,42183,connected,,,be-plane-b-leaf-03,E1/38,leaf,be-plane-b-spine-01,E1/22,spine
56,42184,connected,,,be-plane-b-leaf-03,E1/39,leaf,be-plane-b-spine-01,E1/23,spine
56,42185,connected,,,be-plane-b-leaf-03,E1/40,leaf,be-plane-b-spine-01,E1/24,spine
56,42186,connected,,,be-plane-b-leaf-03,E1/41,leaf,be-plane-b-spine-02,E1/17,spine
56,42187,connected,,,be-plane-b-leaf-03,E1/42,leaf,be-plane-b-spine-02,E1/18,spine
56,42188,connected,,,be-plane-b-leaf-03,E1/43,leaf,be-plane-b-spine-02,E1/19,spine
56,42189,connected,,,be-plane-b-leaf-03,E1/44,leaf,be-plane-b-spine-02,E1/20,spine
56,42190,connected,,,be-plane-b-leaf-03,E1/45,leaf,be-plane-b-spine-02,E1/21,spine
56,42191,connected,,,be-plane-b-leaf-03,E1/46,leaf,be-plane-b-spine-02,E1/22,spine
56,42192,connected,,,be-plane-b-leaf-03,E1/47,leaf,be-plane-b-spine-02,E1/23,spine
56,42193,connected,,,be-plane-b-leaf-03,E1/48,leaf,be-plane-b-spine-02,E1/24,spine
56,42194,connected,,,be-plane-b-leaf-03,E1/49,leaf,be-plane-b-spine-03,E1/17,spine
56,42195,connected,,,be-plane-b-leaf-03,E1/50,leaf,be-plane-b-spine-03,E1/18,spine
56,42196,connected,,,be-plane-b-leaf-03,E1/51,leaf,be-plane-b-spine-03,E1/19,spine
56,42197,connected,,,be-plane-b-leaf-03,E1/52,leaf,be-plane-b-spine-03,E1/20,spine
56,42198,connected,,,be-plane-b-leaf-03,E1/53,leaf,be-plane-b-spine-03,E1/21,spine
56,42199,connected,,,be-plane-b-leaf-03,E1/54,leaf,be-plane-b-spine-03,E1/22,spine
56,42200,connected,,,be-plane-b-leaf-03,E1/55,leaf,be-plane-b-spine-03,E1/23,spine
56,42201,connected,,,be-plane-b-leaf-03,E1/56,leaf,be-plane-b-spine-03,E1/24,spine
56,42202,connected,,,be-plane-b-leaf-03,E1/57,leaf,be-plane-b-spine-04,E1/17,spine
56,42203,connected,,,be-plane-b-leaf-03,E1/58,leaf,be-plane-b-spine-04,E1/18,spine
56,42204,connected,,,be-plane-b-leaf-03,E1/59,leaf,be-plane-b-spine-04,E1/19,spine
56,42205,connected,,,be-plane-b-leaf-03,E1/60,leaf,be-plane-b-spine-04,E1/20,spine
56,42206,connected,,,be-plane-b-leaf-03,E1/61,leaf,be-plane-b-spine-04,E1/21,spine
56,42207,connected,,,be-plane-b-leaf-03,E1/62,leaf,be-plane-b-spine-04,E1/22,spine
56,42208,connected,,,be-plane-b-leaf-03,E1/63,leaf,be-plane-b-spine-04,E1/23,spine
56,42209,connected,,,be-plane-b-leaf-03,E1/64,leaf,be-plane-b-spine-04,E1/24,spine
56,42210,connected,,,be-plane-b-leaf-04,E1/33,leaf,be-plane-b-spine-01,E1/25,spine
56,42211,connected,,,be-plane-b-leaf-04,E1/34,leaf,be-plane-b-spine-01,E1/26,spine
56,42212,connected,,,be-plane-b-leaf-04,E1/35,leaf,be-plane-b-spine-01,E1/27,spine
56,42213,connected,,,be-plane-b-leaf-04,E1/36,leaf,be-plane-b-spine-01,E1/28,spine
56,42214,connected,,,be-plane-b-leaf-04,E1/37,leaf,be-plane-b-spine-01,E1/29,spine
56,42215,connected,,,be-plane-b-leaf-04,E1/38,leaf,be-plane-b-spine-01,E1/30,spine
56,42216,connected,,,be-plane-b-leaf-04,E1/39,leaf,be-plane-b-spine-01,E1/31,spine
56,42217,connected,,,be-plane-b-leaf-04,E1/40,leaf,be-plane-b-spine-01,E1/32,spine
56,42218,connected,,,be-plane-b-leaf-04,E1/41,leaf,be-plane-b-spine-02,E1/25,spine
56,42219,connected,,,be-plane-b-leaf-04,E1/42,leaf,be-plane-b-spine-02,E1/26,spine
56,42220,connected,,,be-plane-b-leaf-04,E1/43,leaf,be-plane-b-spine-02,E1/27,spine
56,42221,connected,,,be-plane-b-leaf-04,E1/44,leaf,be-plane-b-spine-02,E1/28,spine
56,42222,connected,,,be-plane-b-leaf-04,E1/45,leaf,be-plane-b-spine-02,E1/29,spine
56,42223,connected,,,be-plane-b-leaf-04,E1/46,leaf,be-plane-b-spine-02,E1/30,spine
56,42224,connected,,,be-plane-b-leaf-04,E1/47,leaf,be-plane-b-spine-02,E1/31,spine
56,42225,connected,,,be-plane-b-leaf-04,E1/48,leaf,be-plane-b-spine-02,E1/32,spine
56,42226,connected,,,be-plane-b-leaf-04,E1/49,leaf,be-plane-b-spine-03,E1/25,spine
56,42227,connected,,,be-plane-b-leaf-04,E1/50,leaf,be-plane-b-spine-03,E1/26,spine
56,42228,connected,,,be-plane-b-leaf-04,E1/51,leaf,be-plane-b-spine-03,E1/27,spine
56,42229,connected,,,be-plane-b-leaf-04,E1/52,leaf,be-plane-b-spine-03,E1/28,spine
56,42230,connected,,,be-plane-b-leaf-04,E1/53,leaf,be-plane-b-spine-03,E1/29,spine
56,42231,connected,,,be-plane-b-leaf-04,E1/54,leaf,be-plane-b-spine-03,E1/30,spine
56,42232,connected,,,be-plane-b-leaf-04,E1/55,leaf,be-plane-b-spine-03,E1/31,spine
56,42233,connected,,,be-plane-b-leaf-04,E1/56,leaf,be-plane-b-spine-03,E1/32,spine
56,42234,connected,,,be-plane-b-leaf-04,E1/57,leaf,be-plane-b-spine-04,E1/25,spine
56,42235,connected,,,be-plane-b-leaf-04,E1/58,leaf,be-plane-b-spine-04,E1/26,spine
56,42236,connected,,,be-plane-b-leaf-04,E1/59,leaf,be-plane-b-spine-04,E1/27,spine
56,42237,connected,,,be-plane-b-leaf-04,E1/60,leaf,be-plane-b-spine-04,E1/28,spine
56,42238,connected,,,be-plane-b-leaf-04,E1/61,leaf,be-plane-b-spine-04,E1/29,spine
56,42239,connected,,,be-plane-b-leaf-04,E1/62,leaf,be-plane-b-spine-04,E1/30,spine
56,42240,connected,,,be-plane-b-leaf-04,E1/63,leaf,be-plane-b-spine-04,E1/31,spine
56,42241,connected,,,be-plane-b-leaf-04,E1/64,leaf,be-plane-b-spine-04,E1/32,spine
56,42242,connected,,,be-plane-b-leaf-05,E1/33,leaf,be-plane-b-spine-01,E1/33,spine
56,42243,connected,,,be-plane-b-leaf-05,E1/34,leaf,be-plane-b-spine-01,E1/34,spine
56,42244,connected,,,be-plane-b-leaf-05,E1/35,leaf,be-plane-b-spine-01,E1/35,spine
56,42245,connected,,,be-plane-b-leaf-05,E1/36,leaf,be-plane-b-spine-01,E1/36,spine
56,42246,connected,,,be-plane-b-leaf-05,E1/37,leaf,be-plane-b-spine-01,E1/37,spine
56,42247,connected,,,be-plane-b-leaf-05,E1/38,leaf,be-plane-b-spine-01,E1/38,spine
56,42248,connected,,,be-plane-b-leaf-05,E1/39,leaf,be-plane-b-spine-01,E1/39,spine
56,42249,connected,,,be-plane-b-leaf-05,E1/40,leaf,be-plane-b-spine-01,E1/40,spine
56,42250,connected,,,be-plane-b-leaf-05,E1/41,leaf,be-plane-b-spine-02,E1/33,spine
56,42251,connected,,,be-plane-b-leaf-05,E1/42,leaf,be-plane-b-spine-02,E1/34,spine
56,42252,connected,,,be-plane-b-leaf-05,E1/43,leaf,be-plane-b-spine-02,E1/35,spine
56,42253,connected,,,be-plane-b-leaf-05,E1/44,leaf,be-plane-b-spine-02,E1/36,spine
56,42254,connected,,,be-plane-b-leaf-05,E1/45,leaf,be-plane-b-spine-02,E1/37,spine
56,42255,connected,,,be-plane-b-leaf-05,E1/46,leaf,be-plane-b-spine-02,E1/38,spine
56,42256,connected,,,be-plane-b-leaf-05,E1/47,leaf,be-plane-b-spine-02,E1/39,spine
56,42257,connected,,,be-plane-b-leaf-05,E1/48,leaf,be-plane-b-spine-02,E1/40,spine
56,42258,connected,,,be-plane-b-leaf-05,E1/49,leaf,be-plane-b-spine-03,E1/33,spine
56,42259,connected,,,be-plane-b-leaf-05,E1/50,leaf,be-plane-b-spine-03,E1/34,spine
56,42260,connected,,,be-plane-b-leaf-05,E1/51,leaf,be-plane-b-spine-03,E1/35,spine
56,42261,connected,,,be-plane-b-leaf-05,E1/52,leaf,be-plane-b-spine-03,E1/36,spine
56,42262,connected,,,be-plane-b-leaf-05,E1/53,leaf,be-plane-b-spine-03,E1/37,spine
56,42263,connected,,,be-plane-b-leaf-05,E1/54,leaf,be-plane-b-spine-03,E1/38,spine
56,42264,connected,,,be-plane-b-leaf-05,E1/55,leaf,be-plane-b-spine-03,E1/39,spine
56,42265,connected,,,be-plane-b-leaf-05,E1/56,leaf,be-plane-b-spine-03,E1/40,spine
56,42266,connected,,,be-plane-b-leaf-05,E1/57,leaf,be-plane-b-spine-04,E1/33,spine
56,42267,connected,,,be-plane-b-leaf-05,E1/58,leaf,be-plane-b-spine-04,E1/34,spine
56,42268,connected,,,be-plane-b-leaf-05,E1/59,leaf,be-plane-b-spine-04,E1/35,spine
56,42269,connected,,,be-plane-b-leaf-05,E1/60,leaf,be-plane-b-spine-04,E1/36,spine
56,42270,connected,,,be-plane-b-leaf-05,E1/61,leaf,be-plane-b-spine-04,E1/37,spine
56,42271,connected,,,be-plane-b-leaf-05,E1/62,leaf,be-plane-b-spine-04,E1/38,spine
56,42272,connected,,,be-plane-b-leaf-05,E1/63,leaf,be-plane-b-spine-04,E1/39,spine
56,42273,connected,,,be-plane-b-leaf-05,E1/64,leaf,be-plane-b-spine-04,E1/40,spine
56,42274,connected,,,be-plane-b-leaf-06,E1/33,leaf,be-plane-b-spine-01,E1/41,spine
56,42275,connected,,,be-plane-b-leaf-06,E1/34,leaf,be-plane-b-spine-01,E1/42,spine
56,42276,connected,,,be-plane-b-leaf-06,E1/35,leaf,be-plane-b-spine-01,E1/43,spine
56,42277,connected,,,be-plane-b-leaf-06,E1/36,leaf,be-plane-b-spine-01,E1/44,spine
56,42278,connected,,,be-plane-b-leaf-06,E1/37,leaf,be-plane-b-spine-01,E1/45,spine
56,42279,connected,,,be-plane-b-leaf-06,E1/38,leaf,be-plane-b-spine-01,E1/46,spine
56,42280,connected,,,be-plane-b-leaf-06,E1/39,leaf,be-plane-b-spine-01,E1/47,spine
56,42281,connected,,,be-plane-b-leaf-06,E1/40,leaf,be-plane-b-spine-01,E1/48,spine
56,42282,connected,,,be-plane-b-leaf-06,E1/41,leaf,be-plane-b-spine-02,E1/41,spine
56,42283,connected,,,be-plane-b-leaf-06,E1/42,leaf,be-plane-b-spine-02,E1/42,spine
56,42284,connected,,,be-plane-b-leaf-06,E1/43,leaf,be-plane-b-spine-02,E1/43,spine
56,42285,connected,,,be-plane-b-leaf-06,E1/44,leaf,be-plane-b-spine-02,E1/44,spine
56,42286,connected,,,be-plane-b-leaf-06,E1/45,leaf,be-plane-b-spine-02,E1/45,spine
56,42287,connected,,,be-plane-b-leaf-06,E1/46,leaf,be-plane-b-spine-02,E1/46,spine
56,42288,connected,,,be-plane-b-leaf-06,E1/47,leaf,be-plane-b-spine-02,E1/47,spine
56,42289,connected,,,be-plane-b-leaf-06,E1/48,leaf,be-plane-b-spine-02,E1/48,spine
56,42290,connected,,,be-plane-b-leaf-06,E1/49,leaf,be-plane-b-spine-03,E1/41,spine
56,42291,connected,,,be-plane-b-leaf-06,E1/50,leaf,be-plane-b-spine-03,E1/42,spine
56,42292,connected,,,be-plane-b-leaf-06,E1/51,leaf,be-plane-b-spine-03,E1/43,spine
56,42293,connected,,,be-plane-b-leaf-06,E1/52,leaf,be-plane-b-spine-03,E1/44,spine
56,42294,connected,,,be-plane-b-leaf-06,E1/53,leaf,be-plane-b-spine-03,E1/45,spine
56,42295,connected,,,be-plane-b-leaf-06,E1/54,leaf,be-plane-b-spine-03,E1/46,spine
56,42296,connected,,,be-plane-b-leaf-06,E1/55,leaf,be-plane-b-spine-03,E1/47,spine
56,42297,connected,,,be-plane-b-leaf-06,E1/56,leaf,be-plane-b-spine-03,E1/48,spine
56,42298,connected,,,be-plane-b-leaf-06,E1/57,leaf,be-plane-b-spine-04,E1/41,spine
56,42299,connected,,,be-plane-b-leaf-06,E1/58,leaf,be-plane-b-spine-04,E1/42,spine
56,42300,connected,,,be-plane-b-leaf-06,E1/59,leaf,be-plane-b-spine-04,E1/43,spine
56,42301,connected,,,be-plane-b-leaf-06,E1/60,leaf,be-plane-b-spine-04,E1/44,spine
56,42302,connected,,,be-plane-b-leaf-06,E1/61,leaf,be-plane-b-spine-04,E1/45,spine
56,42303,connected,,,be-plane-b-leaf-06,E1/62,leaf,be-plane-b-spine-04,E1/46,spine
56,42304,connected,,,be-plane-b-leaf-06,E1/63,leaf,be-plane-b-spine-04,E1/47,spine
56,42305,connected,,,be-plane-b-leaf-06,E1/64,leaf,be-plane-b-spine-04,E1/48,spine
56,42306,connected,,,be-plane-b-leaf-07,E1/33,leaf,be-plane-b-spine-01,E1/49,spine
56,42307,connected,,,be-plane-b-leaf-07,E1/34,leaf,be-plane-b-spine-01,E1/50,spine
56,42308,connected,,,be-plane-b-leaf-07,E1/35,leaf,be-plane-b-spine-01,E1/51,spine
56,42309,connected,,,be-plane-b-leaf-07,E1/36,leaf,be-plane-b-spine-01,E1/52,spine
56,42310,connected,,,be-plane-b-leaf-07,E1/37,leaf,be-plane-b-spine-01,E1/53,spine
56,42311,connected,,,be-plane-b-leaf-07,E1/38,leaf,be-plane-b-spine-01,E1/54,spine
56,42312,connected,,,be-plane-b-leaf-07,E1/39,leaf,be-plane-b-spine-01,E1/55,spine
56,42313,connected,,,be-plane-b-leaf-07,E1/40,leaf,be-plane-b-spine-01,E1/56,spine
56,42314,connected,,,be-plane-b-leaf-07,E1/41,leaf,be-plane-b-spine-02,E1/49,spine
56,42315,connected,,,be-plane-b-leaf-07,E1/42,leaf,be-plane-b-spine-02,E1/50,spine
56,42316,connected,,,be-plane-b-leaf-07,E1/43,leaf,be-plane-b-spine-02,E1/51,spine
56,42317,connected,,,be-plane-b-leaf-07,E1/44,leaf,be-plane-b-spine-02,E1/52,spine
56,42318,connected,,,be-plane-b-leaf-07,E1/45,leaf,be-plane-b-spine-02,E1/53,spine
56,42319,connected,,,be-plane-b-leaf-07,E1/46,leaf,be-plane-b-spine-02,E1/54,spine
56,42320,connected,,,be-plane-b-leaf-07,E1/47,leaf,be-plane-b-spine-02,E1/55,spine
56,42321,connected,,,be-plane-b-leaf-07,E1/48,leaf,be-plane-b-spine-02,E1/56,spine
56,42322,connected,,,be-plane-b-leaf-07,E1/49,leaf,be-plane-b-spine-03,E1/49,spine
56,42323,connected,,,be-plane-b-leaf-07,E1/50,leaf,be-plane-b-spine-03,E1/50,spine
56,42324,connected,,,be-plane-b-leaf-07,E1/51,leaf,be-plane-b-spine-03,E1/51,spine
56,42325,connected,,,be-plane-b-leaf-07,E1/52,leaf,be-plane-b-spine-03,E1/52,spine
56,42326,connected,,,be-plane-b-leaf-07,E1/53,leaf,be-plane-b-spine-03,E1/53,spine
56,42327,connected,,,be-plane-b-leaf-07,E1/54,leaf,be-plane-b-spine-03,E1/54,spine
56,42328,connected,,,be-plane-b-leaf-07,E1/55,leaf,be-plane-b-spine-03,E1/55,spine
56,42329,connected,,,be-plane-b-leaf-07,E1/56,leaf,be-plane-b-spine-03,E1/56,spine
56,42330,connected,,,be-plane-b-leaf-07,E1/57,leaf,be-plane-b-spine-04,E1/49,spine
56,42331,connected,,,be-plane-b-leaf-07,E1/58,leaf,be-plane-b-spine-04,E1/50,spine
56,42332,connected,,,be-plane-b-leaf-07,E1/59,leaf,be-plane-b-spine-04,E1/51,spine
56,42333,connected,,,be-plane-b-leaf-07,E1/60,leaf,be-plane-b-spine-04,E1/52,spine
56,42334,connected,,,be-plane-b-leaf-07,E1/61,leaf,be-plane-b-spine-04,E1/53,spine
56,42335,connected,,,be-plane-b-leaf-07,E1/62,leaf,be-plane-b-spine-04,E1/54,spine
56,42336,connected,,,be-plane-b-leaf-07,E1/63,leaf,be-plane-b-spine-04,E1/55,spine
56,42337,connected,,,be-plane-b-leaf-07,E1/64,leaf,be-plane-b-spine-04,E1/56,spine
56,42338,connected,,,be-plane-b-leaf-08,E1/33,leaf,be-plane-b-spine-01,E1/57,spine
56,42339,connected,,,be-plane-b-leaf-08,E1/34,leaf,be-plane-b-spine-01,E1/58,spine
56,42340,connected,,,be-plane-b-leaf-08,E1/35,leaf,be-plane-b-spine-01,E1/59,spine
56,42341,connected,,,be-plane-b-leaf-08,E1/36,leaf,be-plane-b-spine-01,E1/60,spine
56,42342,connected,,,be-plane-b-leaf-08,E1/37,leaf,be-plane-b-spine-01,E1/61,spine
56,42343,connected,,,be-plane-b-leaf-08,E1/38,leaf,be-plane-b-spine-01,E1/62,spine
56,42344,connected,,,be-plane-b-leaf-08,E1/39,leaf,be-plane-b-spine-01,E1/63,spine
56,42345,connected,,,be-plane-b-leaf-08,E1/40,leaf,be-plane-b-spine-01,E1/64,spine
56,42346,connected,,,be-plane-b-leaf-08,E1/41,leaf,be-plane-b-spine-02,E1/57,spine
56,42347,connected,,,be-plane-b-leaf-08,E1/42,leaf,be-plane-b-spine-02,E1/58,spine
56,42348,connected,,,be-plane-b-leaf-08,E1/43,leaf,be-plane-b-spine-02,E1/59,spine
56,42349,connected,,,be-plane-b-leaf-08,E1/44,leaf,be-plane-b-spine-02,E1/60,spine
56,42350,connected,,,be-plane-b-leaf-08,E1/45,leaf,be-plane-b-spine-02,E1/61,spine
56,42351,connected,,,be-plane-b-leaf-08,E1/46,leaf,be-plane-b-spine-02,E1/62,spine
56,42352,connected,,,be-plane-b-leaf-08,E1/47,leaf,be-plane-b-spine-02,E1/63,spine
56,42353,connected,,,be-plane-b-leaf-08,E1/48,leaf,be-plane-b-spine-02,E1/64,spine
56,42354,connected,,,be-plane-b-leaf-08,E1/49,leaf,be-plane-b-spine-03,E1/57,spine
56,42355,connected,,,be-plane-b-leaf-08,E1/50,leaf,be-plane-b-spine-03,E1/58,spine
56,42356,connected,,,be-plane-b-leaf-08,E1/51,leaf,be-plane-b-spine-03,E1/59,spine
56,42357,connected,,,be-plane-b-leaf-08,E1/52,leaf,be-plane-b-spine-03,E1/60,spine
56,42358,connected,,,be-plane-b-leaf-08,E1/53,leaf,be-plane-b-spine-03,E1/61,spine
56,42359,connected,,,be-plane-b-leaf-08,E1/54,leaf,be-plane-b-spine-03,E1/62,spine
56,42360,connected,,,be-plane-b-leaf-08,E1/55,leaf,be-plane-b-spine-03,E1/63,spine
56,42361,connected,,,be-plane-b-leaf-08,E1/56,leaf,be-plane-b-spine-03,E1/64,spine
56,42362,connected,,,be-plane-b-leaf-08,E1/57,leaf,be-plane-b-spine-04,E1/57,spine
56,42363,connected,,,be-plane-b-leaf-08,E1/58,leaf,be-plane-b-spine-04,E1/58,spine
56,42364,connected,,,be-plane-b-leaf-08,E1/59,leaf,be-plane-b-spine-04,E1/59,spine
56,42365,connected,,,be-plane-b-leaf-08,E1/60,leaf,be-plane-b-spine-04,E1/60,spine
56,42366,connected,,,be-plane-b-leaf-08,E1/61,leaf,be-plane-b-spine-04,E1/61,spine
56,42367,connected,,,be-plane-b-leaf-08,E1/62,leaf,be-plane-b-spine-04,E1/62,spine
56,42368,connected,,,be-plane-b-leaf-08,E1/63,leaf,be-plane-b-spine-04,E1/63,spine
56,42369,connected,,,be-plane-b-leaf-08,E1/64,leaf,be-plane-b-spine-04,E1/64,spine
56,42370,connected,,,conv-mgmt-leaf-01,E1/49,leaf,conv-mgmt-spine-01,E1/1,spine
56,42371,connected,,,conv-mgmt-leaf-01,E1/50,leaf,conv-mgmt-spine-01,E1/2,spine
56,42372,connected,,,conv-mgmt-leaf-01,E1/51,leaf,conv-mgmt-spine-01,E1/3,spine
56,42373,connected,,,conv-mgmt-leaf-01,E1/52,leaf,conv-mgmt-spine-01,E1/4,spine
56,42374,connected,,,conv-mgmt-leaf-02,E1/49,leaf,conv-mgmt-spine-01,E1/5,spine
56,42375,connected,,,conv-mgmt-leaf-02,E1/50,leaf,conv-mgmt-spine-01,E1/6,spine
56,42376,connected,,,conv-mgmt-leaf-02,E1/51,leaf,conv-mgmt-spine-01,E1/7,spine
56,42377,connected,,,conv-mgmt-leaf-02,E1/52,leaf,conv-mgmt-spine-01,E1/8,spine
56,42378,connected,,,conv-mgmt-leaf-03,E1/49,leaf,conv-mgmt-spine-01,E1/9,spine
56,42379,connected,,,conv-mgmt-leaf-03,E1/50,leaf,conv-mgmt-spine-01,E1/10,spine
56,42380,connected,,,conv-mgmt-leaf-03,E1/51,leaf,conv-mgmt-spine-01,E1/11,spine
56,42381,connected,,,conv-mgmt-leaf-03,E1/52,leaf,conv-mgmt-spine-01,E1/12,spine
56,42382,connected,,,conv-mgmt-leaf-04,E1/49,leaf,conv-mgmt-spine-01,E1/13,spine
56,42383,connected,,,conv-mgmt-leaf-04,E1/50,leaf,conv-mgmt-spine-01,E1/14,spine
56,42384,connected,,,conv-mgmt-leaf-04,E1/51,leaf,conv-mgmt-spine-01,E1/15,spine
56,42385,connected,,,conv-mgmt-leaf-04,E1/52,leaf,conv-mgmt-spine-01,E1/16,spine
56,42386,connected,,,fe-leaf-01,E1/33,leaf,fe-spine-01,E1/1,spine
56,42387,connected,,,fe-leaf-01,E1/34,leaf,fe-spine-01,E1/2,spine
56,42388,connected,,,fe-leaf-01,E1/35,leaf,fe-spine-01,E1/3,spine
56,42389,connected,,,fe-leaf-01,E1/36,leaf,fe-spine-01,E1/4,spine
56,42390,connected,,,fe-leaf-01,E1/37,leaf,fe-spine-01,E1/5,spine
56,42391,connected,,,fe-leaf-01,E1/38,leaf,fe-spine-01,E1/6,spine
56,42392,connected,,,fe-leaf-01,E1/39,leaf,fe-spine-01,E1/7,spine
56,42393,connected,,,fe-leaf-01,E1/40,leaf,fe-spine-01,E1/8,spine
56,42394,connected,,,fe-leaf-01,E1/41,leaf,fe-spine-01,E1/9,spine
56,42395,connected,,,fe-leaf-01,E1/42,leaf,fe-spine-01,E1/10,spine
56,42396,connected,,,fe-leaf-01,E1/43,leaf,fe-spine-01,E1/11,spine
56,42397,connected,,,fe-leaf-01,E1/44,leaf,fe-spine-01,E1/12,spine
56,42398,connected,,,fe-leaf-01,E1/45,leaf,fe-spine-01,E1/13,spine
56,42399,connected,,,fe-leaf-01,E1/46,leaf,fe-spine-01,E1/14,spine
56,42400,connected,,,fe-leaf-01,E1/47,leaf,fe-spine-01,E1/15,spine
56,42401,connected,,,fe-leaf-01,E1/48,leaf,fe-spine-01,E1/16,spine
56,42402,connected,,,fe-leaf-01,E1/49,leaf,fe-spine-01,E1/17,spine
56,42403,connected,,,fe-leaf-01,E1/50,leaf,fe-spine-01,E1/18,spine
56,42404,connected,,,fe-leaf-01,E1/51,leaf,fe-spine-01,E1/19,spine
56,42405,connected,,,fe-leaf-01,E1/52,leaf,fe-spine-01,E1/20,spine
56,42406,connected,,,fe-leaf-01,E1/53,leaf,fe-spine-01,E1/21,spine
56,42407,connected,,,fe-leaf-01,E1/54,leaf,fe-spine-01,E1/22,spine
56,42408,connected,,,fe-leaf-01,E1/55,leaf,fe-spine-01,E1/23,spine
56,42409,connected,,,fe-leaf-01,E1/56,leaf,fe-spine-01,E1/24,spine
56,42410,connected,,,fe-leaf-01,E1/57,leaf,fe-spine-01,E1/25,spine
56,42411,connected,,,fe-leaf-01,E1/58,leaf,fe-spine-01,E1/26,spine
56,42412,connected,,,fe-leaf-01,E1/59,leaf,fe-spine-01,E1/27,spine
56,42413,connected,,,fe-leaf-01,E1/60,leaf,fe-spine-01,E1/28,spine
56,42414,connected,,,fe-leaf-01,E1/61,leaf,fe-spine-01,E1/29,spine
56,42415,connected,,,fe-leaf-01,E1/62,leaf,fe-spine-01,E1/30,spine
56,42416,connected,,,fe-leaf-01,E1/63,leaf,fe-spine-01,E1/31,spine
56,42417,connected,,,fe-leaf-01,E1/64,leaf,fe-spine-01,E1/32,spine
56,42418,connected,,,fe-leaf-02,E1/33,leaf,fe-spine-01,E1/33,spine
56,42419,connected,,,fe-leaf-02,E1/34,leaf,fe-spine-01,E1/34,spine
56,42420,connected,,,fe-leaf-02,E1/35,leaf,fe-spine-01,E1/35,spine
56,42421,connected,,,fe-leaf-02,E1/36,leaf,fe-spine-01,E1/36,spine
56,42422,connected,,,fe-leaf-02,E1/37,leaf,fe-spine-01,E1/37,spine
56,42423,connected,,,fe-leaf-02,E1/38,leaf,fe-spine-01,E1/38,spine
56,42424,connected,,,fe-leaf-02,E1/39,leaf,fe-spine-01,E1/39,spine
56,42425,connected,,,fe-leaf-02,E1/40,leaf,fe-spine-01,E1/40,spine
56,42426,connected,,,fe-leaf-02,E1/41,leaf,fe-spine-01,E1/41,spine
56,42427,connected,,,fe-leaf-02,E1/42,leaf,fe-spine-01,E1/42,spine
56,42428,connected,,,fe-leaf-02,E1/43,leaf,fe-spine-01,E1/43,spine
56,42429,connected,,,fe-leaf-02,E1/44,leaf,fe-spine-01,E1/44,spine
56,42430,connected,,,fe-leaf-02,E1/45,leaf,fe-spine-01,E1/45,spine
56,42431,connected,,,fe-leaf-02,E1/46,leaf,fe-spine-01,E1/46,spine
56,42432,connected,,,fe-leaf-02,E1/47,leaf,fe-spine-01,E1/47,spine
56,42433,connected,,,fe-leaf-02,E1/48,leaf,fe-spine-01,E1/48,spine
56,42434,connected,,,fe-leaf-02,E1/49,leaf,fe-spine-01,E1/49,spine
56,42435,connected,,,fe-leaf-02,E1/50,leaf,fe-spine-01,E1/50,spine
56,42436,connected,,,fe-leaf-02,E1/51,leaf,fe-spine-01,E1/51,spine
56,42437,connected,,,fe-leaf-02,E1/52,leaf,fe-spine-01,E1/52,spine
56,42438,connected,,,fe-leaf-02,E1/53,leaf,fe-spine-01,E1/53,spine
56,42439,connected,,,fe-leaf-02,E1/54,leaf,fe-spine-01,E1/54,spine
56,42440,connected,,,fe-leaf-02,E1/55,leaf,fe-spine-01,E1/55,spine
56,42441,connected,,,fe-leaf-02,E1/56,leaf,fe-spine-01,E1/56,spine
56,42442,connected,,,fe-leaf-02,E1/57,leaf,fe-spine-01,E1/57,spine
56,42443,connected,,,fe-leaf-02,E1/58,leaf,fe-spine-01,E1/58,spine
56,42444,connected,,,fe-leaf-02,E1/59,leaf,fe-spine-01,E1/59,spine
56,42445,connected,,,fe-leaf-02,E1/60,leaf,fe-spine-01,E1/60,spine
56,42446,connected,,,fe-leaf-02,E1/61,leaf,fe-spine-01,E1/61,spine
56,42447,connected,,,fe-leaf-02,E1/62,leaf,fe-spine-01,E1/62,spine
56,42448,connected,,,fe-leaf-02,E1/63,leaf,fe-spine-01,E1/63,spine
56,42449,connected,,,fe-leaf-02,E1/64,leaf,fe-spine-01,E1/64,spine
56,42450,connected,,,storage-leaf-01,E1/33,leaf,storage-spine-01,E1/1,spine
56,42451,connected,,,storage-leaf-01,E1/34,leaf,storage-spine-01,E1/2,spine
56,42452,connected,,,storage-leaf-01,E1/35,leaf,storage-spine-01,E1/3,spine
56,42453,connected,,,storage-leaf-01,E1/36,leaf,storage-spine-01,E1/4,spine
56,42454,connected,,,storage-leaf-01,E1/37,leaf,storage-spine-01,E1/5,spine
56,42455,connected,,,storage-leaf-01,E1/38,leaf,storage-spine-01,E1/6,spine
56,42456,connected,,,storage-leaf-01,E1/39,leaf,storage-spine-01,E1/7,spine
56,42457,connected,,,storage-leaf-01,E1/40,leaf,storage-spine-01,E1/8,spine
56,42458,connected,,,storage-leaf-01,E1/41,leaf,storage-spine-01,E1/9,spine
56,42459,connected,,,storage-leaf-01,E1/42,leaf,storage-spine-01,E1/10,spine
56,42460,connected,,,storage-leaf-01,E1/43,leaf,storage-spine-01,E1/11,spine
56,42461,connected,,,storage-leaf-01,E1/44,leaf,storage-spine-01,E1/12,spine
56,42462,connected,,,storage-leaf-01,E1/45,leaf,storage-spine-01,E1/13,spine
56,42463,connected,,,storage-leaf-01,E1/46,leaf,storage-spine-01,E1/14,spine
56,42464,connected,,,storage-leaf-01,E1/47,leaf,storage-spine-01,E1/15,spine
56,42465,connected,,,storage-leaf-01,E1/48,leaf,storage-spine-01,E1/16,spine
56,42466,connected,,,storage-leaf-01,E1/49,leaf,storage-spine-01,E1/17,spine
56,42467,connected,,,storage-leaf-01,E1/50,leaf,storage-spine-01,E1/18,spine
56,42468,connected,,,storage-leaf-01,E1/51,leaf,storage-spine-01,E1/19,spine
56,42469,connected,,,storage-leaf-01,E1/52,leaf,storage-spine-01,E1/20,spine
56,42470,connected,,,storage-leaf-01,E1/53,leaf,storage-spine-01,E1/21,spine
56,42471,connected,,,storage-leaf-01,E1/54,leaf,storage-spine-01,E1/22,spine
56,42472,connected,,,storage-leaf-01,E1/55,leaf,storage-spine-01,E1/23,spine
56,42473,connected,,,storage-leaf-01,E1/56,leaf,storage-spine-01,E1/24,spine
56,42474,connected,,,storage-leaf-01,E1/57,leaf,storage-spine-01,E1/25,spine
56,42475,connected,,,storage-leaf-01,E1/58,leaf,storage-spine-01,E1/26,spine
56,42476,connected,,,storage-leaf-01,E1/59,leaf,storage-spine-01,E1/27,spine
56,42477,connected,,,storage-leaf-01,E1/60,leaf,storage-spine-01,E1/28,spine
56,42478,connected,,,storage-leaf-01,E1/61,leaf,storage-spine-01,E1/29,spine
56,42479,connected,,,storage-leaf-01,E1/62,leaf,storage-spine-01,E1/30,spine
56,42480,connected,,,storage-leaf-01,E1/63,leaf,storage-spine-01,E1/31,spine
56,42481,connected,,,storage-leaf-01,E1/64,leaf,storage-spine-01,E1/32,spine
56,42482,connected,,,storage-leaf-02,E1/33,leaf,storage-spine-01,E1/33,spine
56,42483,connected,,,storage-leaf-02,E1/34,leaf,storage-spine-01,E1/34,spine
56,42484,connected,,,storage-leaf-02,E1/35,leaf,storage-spine-01,E1/35,spine
56,42485,connected,,,storage-leaf-02,E1/36,leaf,storage-spine-01,E1/36,spine
56,42486,connected,,,storage-leaf-02,E1/37,leaf,storage-spine-01,E1/37,spine
56,42487,connected,,,storage-leaf-02,E1/38,leaf,storage-spine-01,E1/38,spine
56,42488,connected,,,storage-leaf-02,E1/39,leaf,storage-spine-01,E1/39,spine
56,42489,connected,,,storage-leaf-02,E1/40,leaf,storage-spine-01,E1/40,spine
56,42490,connected,,,storage-leaf-02,E1/41,leaf,storage-spine-01,E1/41,spine
56,42491,connected,,,storage-leaf-02,E1/42,leaf,storage-spine-01,E1/42,spine
56,42492,connected,,,storage-leaf-02,E1/43,leaf,storage-spine-01,E1/43,spine
56,42493,connected,,,storage-leaf-02,E1/44,leaf,storage-spine-01,E1/44,spine
56,42494,connected,,,storage-leaf-02,E1/45,leaf,storage-spine-01,E1/45,spine
56,42495,connected,,,storage-leaf-02,E1/46,leaf,storage-spine-01,E1/46,spine
56,42496,connected,,,storage-leaf-02,E1/47,leaf,storage-spine-01,E1/47,spine
56,42497,connected,,,storage-leaf-02,E1/48,leaf,storage-spine-01,E1/48,spine
56,42498,connected,,,storage-leaf-02,E1/49,leaf,storage-spine-01,E1/49,spine
56,42499,connected,,,storage-leaf-02,E1/50,leaf,storage-spine-01,E1/50,spine
56,42500,connected,,,storage-leaf-02,E1/51,leaf,storage-spine-01,E1/51,spine
56,42501,connected,,,storage-leaf-02,E1/52,leaf,storage-spine-01,E1/52,spine
56,42502,connected,,,storage-leaf-02,E1/53,leaf,storage-spine-01,E1/53,spine
56,42503,connected,,,storage-leaf-02,E1/54,leaf,storage-spine-01,E1/54,spine
56,42504,connected,,,storage-leaf-02,E1/55,leaf,storage-spine-01,E1/55,spine
56,42505,connected,,,storage-leaf-02,E1/56,leaf,storage-spine-01,E1/56,spine
56,42506,connected,,,storage-leaf-02,E1/57,leaf,storage-spine-01,E1/57,spine
56,42507,connected,,,storage-leaf-02,E1/58,leaf,storage-spine-01,E1/58,spine
56,42508,connected,,,storage-leaf-02,E1/59,leaf,storage-spine-01,E1/59,spine
56,42509,connected,,,storage-leaf-02,E1/60,leaf,storage-spine-01,E1/60,spine
56,42510,connected,,,storage-leaf-02,E1/61,leaf,storage-spine-01,E1/61,spine
56,42511,connected,,,storage-leaf-02,E1/62,leaf,storage-spine-01,E1/62,spine
56,42512,connected,,,storage-leaf-02,E1/63,leaf,storage-spine-01,E1/63,spine
56,42513,connected,,,storage-leaf-02,E1/64,leaf,storage-spine-01,E1/64,spine
